evaluation_index,source_split,source_index,prompt,chosen,rejected,base_chosen_sim,base_rejected_sim,base_margin,lora_chosen_sim,lora_rejected_sim,lora_margin,delta_chosen,delta_rejected,delta_margin
0,test,0,"Видео внутри приложения не воспроизводятся, только звук идёт.","Понимаю Ваше неудобство — воспроизведение только звука действительно мешает пользоваться контентом. Сообщите модель устройства, версию приложения и формат или название видео. Мы проверим совместимость и возможную проблему воспроизведения.",Видео не поддерживается. Попробуй другой телефон.,0.6831158399581909,0.5650633573532104,0.11805248260498047,0.6448517441749573,0.574542760848999,0.07030898332595825,-0.03826409578323364,0.009479403495788574,-0.04774349927902222
1,test,1,"Мне позвонил человек, представившийся курьером, и попросил назвать код из SMS.","Понимаю Ваше беспокойство. Не сообщайте коды из SMS, пароли или платёжные данные по телефону, если Вы не уверены в собеседнике. Сообщите номер заказа и время звонка через официальный канал — мы проверим информацию о доставке.","Если это курьер, можно сказать код. Наверное, ему нужен для доставки.",0.7520869374275208,0.548356294631958,0.20373064279556274,0.7492294311523438,0.5357748866081238,0.21345454454421997,-0.002857506275177002,-0.012581408023834229,0.009723901748657227
2,test,2,"Клиент говорит, что ссылка на документ просит авторизацию, хотя я отправил её как публичную.","Понимаю Ваше неудобство. Давайте проверим фактические настройки ссылки и ограничения рабочей области. Сообщите тип документа и настройки общего доступа, не публикуя саму ссылку. Мы проверим, почему авторизация всё ещё требуется.",Значит ссылка не публичная. Переключи доступ.,0.7336121797561646,0.6022204756736755,0.131391704082489,0.758893609046936,0.6960206031799316,0.0628730058670044,0.025281429290771484,0.0938001275062561,-0.06851869821548462
3,test,3,После перемещения папки часть файлов осталась на старом месте.,"Понимаю Ваше беспокойство — при перемещении папки ожидается, что все выбранные файлы окажутся в новом месте. Сообщите название папки и пример файла, который не переместился. Мы проверим права и историю операции.",Некоторые файлы не перенеслись. Перемести их вручную.,0.8602849841117859,0.6833860278129578,0.17689895629882812,0.845427393913269,0.688248872756958,0.15717852115631104,-0.014857590198516846,0.004862844944000244,-0.01972043514251709
4,test,4,В журнале аудита нет нужного события.,"Понимаю Ваше беспокойство. Сообщите рабочую область, тип изменения и примерное время. Мы проверим период хранения и наличие события в журнале.",Значит событие не записалось. Ничего не сделать.,0.45250341296195984,0.2736694812774658,0.17883393168449402,0.5172247886657715,0.26351025700569153,0.25371453166007996,0.06472137570381165,-0.010159224271774292,0.07488059997558594
5,test,5,"Я закрыл счёт, но в приложении он всё ещё отображается как активный.","Понимаю Ваше беспокойство — после закрытия счёта статус действительно должен быть понятен. Сообщите дату закрытия и название продукта. Мы проверим фактический статус и причину, по которой старый счёт продолжает отображаться.",Приложение просто не обновилось. Подожди.,0.6607006788253784,0.424381822347641,0.23631885647773743,0.654273509979248,0.423187255859375,0.23108625411987305,-0.006427168846130371,-0.0011945664882659912,-0.00523260235786438
6,test,6,Не могу подключить банковскую карту к электронному кошельку.,"Понимаю Ваше неудобство. Причина может быть связана с типом карты, настройками безопасности или требованиями самого кошелька. Сообщите название кошелька и текст ошибки, не передавая полный номер карты или коды.","Кошелёк, наверное, не поддерживает твою карту. Возьми другую.",0.6599442958831787,0.5234482884407043,0.13649600744247437,0.625106692314148,0.5018313527107239,0.12327533960342407,-0.03483760356903076,-0.02161693572998047,-0.013220667839050293
7,test,7,Почему перевод по реквизитам вернулся обратно через несколько часов?,"Понимаю Ваше недоумение — возврат перевода без понятной причины действительно требует проверки. Сообщите дату, сумму, тип перевода и код или описание возврата, если оно отображается. Мы проверим доступную информацию о причине возврата.","Получатель, наверное, указал неправильные реквизиты. Проверь их.",0.6698776483535767,0.4230634272098541,0.24681422114372253,0.7376589179039001,0.48473185300827026,0.2529270648956299,0.06778126955032349,0.06166842579841614,0.006112843751907349
8,test,8,После отмены рассылки часть писем всё равно ушла.,"Понимаю Ваше беспокойство — после отмены кампании важно понять, какие сообщения уже были поставлены в очередь. Сообщите время отмены и примерное количество отправленных писем. Мы проверим журнал доставки и статус кампании.",Некоторые письма уже ушли. Тут ничего не сделать.,0.6395615339279175,0.5720381736755371,0.06752336025238037,0.6688188314437866,0.5394948124885559,0.1293240189552307,0.02925729751586914,-0.0325433611869812,0.06180065870285034
9,test,9,"Не могу экспортировать контакты, потому что система говорит о недостатке прав.","Понимаю Ваше неудобство. Экспорт контактов может требовать отдельного разрешения, даже если у Вас есть доступ к самим контактам. Сообщите рабочую область и роль пользователя — мы проверим необходимое право и настройки экспорта.",У тебя нет прав. Попроси админа.,0.8441222906112671,0.30207714438438416,0.5420451462268829,0.8321335315704346,0.22079825401306152,0.611335277557373,-0.01198875904083252,-0.08127889037132263,0.06929013133049011
10,test,10,"Документ заблокирован для редактирования, хотя никто из команды его не редактирует.",Понимаю Ваше неудобство. Блокировка может сохраняться из-за незавершённой сессии или другого процесса. Сообщите название документа и время появления блокировки — мы проверим активные сеансы и статус редактирования.,"Кто-то, наверное, забыл закрыть документ. Подожди.",0.7831603288650513,0.37784379720687866,0.4053165316581726,0.7470544576644897,0.37567800283432007,0.3713764548301697,-0.03610587120056152,-0.0021657943725585938,-0.03394007682800293
11,test,11,"При регистрации пишет, что мой email уже используется.","Понимаю, что такое сообщение может вызвать вопросы. Возможно, у Вас уже существует аккаунт с этим адресом. Попробуйте восстановить пароль или сообщите адрес, чтобы мы подсказали безопасный способ проверить регистрацию.",Email уже занят. Зарегистрируйтесь на другой.,0.6785573959350586,0.6382362842559814,0.04032111167907715,0.6548217535018921,0.6259129047393799,0.028908848762512207,-0.023735642433166504,-0.012323379516601562,-0.011412262916564941
12,test,12,"Мне нужно остановить рассылку, которая уже запланирована на завтра.","Понимаю Вашу задачу. Если рассылка ещё не началась, возможно, её можно отменить через планировщик. Сообщите название кампании и время отправки — мы проверим её текущий статус и доступность отмены.","Если ещё не отправили, просто удали рассылку.",0.6603739857673645,0.4983353614807129,0.1620386242866516,0.6426076889038086,0.434952974319458,0.20765471458435059,-0.017766296863555908,-0.06338238716125488,0.045616090297698975
13,test,13,"В заказе не хватает одного товара, хотя в чеке он есть.","Понимаю Ваше недовольство — если товар указан в чеке, но не доставлен, ситуацию нужно проверить. Сообщите номер заказа и название отсутствующей позиции.","Если в чеке есть, значит должны были положить. Обратитесь к магазину.",0.8157106041908264,0.5987339019775391,0.21697670221328735,0.8083496689796448,0.5497992634773254,0.25855040550231934,-0.007360935211181641,-0.04893463850021362,0.04157370328903198
14,test,14,Мне пришло сразу десять одинаковых уведомлений об одном событии.,"Понимаю Ваше раздражение — повторяющиеся уведомления действительно мешают работе. Сообщите тип уведомления, время и устройство, на котором они появились. Мы проверим, связано ли это с повторной отправкой события или настройками уведомлений.",Это просто сбой уведомлений. Отключи их.,0.7573914527893066,0.541271448135376,0.21612000465393066,0.8070029020309448,0.5335783362388611,0.27342456579208374,0.049611449241638184,-0.007693111896514893,0.057304561138153076
15,test,15,"Сертификат действующий, но система пишет, что он уже использован.","Понимаю Ваше беспокойство. Не публикуйте полный код сертификата в чате. Сообщите номер заказа или последние символы кода, и мы проверим историю использования.",Значит сертификат уже использовали. Проверьте сами.,0.6395279169082642,0.6399943828582764,-0.00046646595001220703,0.6357495188713074,0.5816490650177002,0.05410045385360718,-0.003778398036956787,-0.05834531784057617,0.054566919803619385
16,test,16,Почему банк не принимает мой новый паспорт в приложении? Документ действующий.,"Понимаю Ваше неудобство — если документ действующий, отказ системы действительно требует проверки. Сообщите текст ошибки и этап загрузки документа. Мы подскажем требования к фотографии и альтернативный способ обновления данных.",Приложение не видит паспорт. Сфотографируй лучше.,0.47215577960014343,0.36632412672042847,0.10583165287971497,0.43442028760910034,0.4301415681838989,0.004278719425201416,-0.03773549199104309,0.06381744146347046,-0.10155293345451355
17,test,17,"При подключении к видеозвонку камера работает, но микрофон не определяется.","Понимаю, как неудобно начинать звонок без рабочего микрофона. Проверьте разрешение на использование микрофона для приложения или браузера и выбранное аудиоустройство. Если проблема сохраняется, сообщите устройство и браузер — мы подскажем дальнейшую диагностику.",Микрофон не определяется. Проверь разрешения.,0.7500782012939453,0.6960572004318237,0.05402100086212158,0.7110347747802734,0.6662008166313171,0.0448339581489563,-0.039043426513671875,-0.029856383800506592,-0.009187042713165283
18,test,18,Я не могу добавить новый способ оплаты для корпоративного аккаунта.,"Понимаю Ваше неудобство. Давайте проверим права доступа и требования к способу оплаты для корпоративного аккаунта. Сообщите рабочую область и текст ошибки, не передавая платёжные реквизиты.","Наверное, у тебя нет прав. Пусть админ добавит.",0.7089970111846924,0.31419509649276733,0.39480191469192505,0.7171763777732849,0.31730788946151733,0.3998684883117676,0.00817936658859253,0.00311279296875,0.005066573619842529
19,test,19,"Я хочу досрочно погасить кредит, но не вижу такой функции.","Понимаю Ваш вопрос. Возможность досрочного погашения и порядок оформления зависят от условий договора. Сообщите номер или название продукта, и мы подскажем доступный способ.",Не видите кнопку — значит делайте через отделение.,0.5796561241149902,0.2326016128063202,0.34705451130867004,0.5685108304023743,0.25574010610580444,0.3127707242965698,-0.011145293712615967,0.023138493299484253,-0.03428378701210022
20,test,20,Документация API не совпадает с фактическим ответом сервера.,"Понимаю Ваше недоумение. Сообщите endpoint, версию API и пример ответа без конфиденциальных данных. Мы проверим актуальность документации и фактическое поведение.",Документация может быть старой. Смотрите ответ сервера.,0.5971893668174744,0.44178521633148193,0.15540415048599243,0.6316620111465454,0.3661218285560608,0.2655401825904846,0.034472644329071045,-0.07566338777542114,0.11013603210449219
21,test,21,"Я не могу оплатить коммунальные услуги через приложение, нужного поставщика нет в списке.","Понимаю Ваше неудобство — особенно если Вы рассчитывали оплатить услугу через приложение. Сообщите регион и название поставщика, которого Вы не находите. Мы проверим, поддерживается ли он и какие альтернативные способы оплаты доступны.","Если поставщика нет в списке, значит через приложение его оплатить нельзя.",0.7103548049926758,0.6776199340820312,0.03273487091064453,0.6916937828063965,0.6516170501708984,0.04007673263549805,-0.018661022186279297,-0.026002883911132812,0.007341861724853516
22,test,22,"Я отправил заявку на кредит утром, а статус до сих пор не изменился.","Понимаю Ваше беспокойство. Обработка может занимать определённое время. Сообщите номер заявки, и мы проверим её текущий статус и доступную информацию о сроках.",Ждите. Заявки обрабатываются не сразу.,0.5257453918457031,0.3755486011505127,0.15019679069519043,0.5882018804550171,0.4246385097503662,0.16356337070465088,0.062456488609313965,0.049089908599853516,0.01336658000946045
23,test,23,Не могу отправить письмо из CRM.,"Понимаю Ваше неудобство. Сообщите текст ошибки, рабочую область и способ отправки. Мы проверим настройки почты и доступные ограничения.",Почта не отправляется. Проверьте SMTP.,0.6226260662078857,0.48377177119255066,0.13885429501533508,0.6566784977912903,0.4291548728942871,0.22752362489700317,0.03405243158340454,-0.05461689829826355,0.08866932988166809
24,test,24,Система импортировала слишком много писем.,"Понимаю Ваше беспокойство. Сообщите период импорта и настройки фильтрации. Мы проверим, почему были обработаны лишние письма и как ограничить дальнейший импорт.",Фильтр был неправильный. Настройте его лучше.,0.41481253504753113,0.403829962015152,0.01098257303237915,0.7082024812698364,0.28542232513427734,0.4227801561355591,0.2933899462223053,-0.11840763688087463,0.41179758310317993
25,test,25,Не могу открыть банковское уведомление — оно выдаёт ошибку.,"Понимаю Ваше неудобство. Сообщите тип уведомления, дату и текст ошибки. Мы проверим документ и при необходимости предложим другой способ его получить.","Наверное, приложение глючит. Попробуйте позже.",0.42615336179733276,0.41162383556365967,0.014529526233673096,0.37000179290771484,0.4195942282676697,-0.049592435359954834,-0.05615156888961792,0.00797039270401001,-0.06412196159362793
26,test,26,В отчёте появились дубликаты клиентов после импорта.,"Понимаю Ваше беспокойство — дубликаты могут существенно повлиять на данные. Пока не повторяйте импорт. Сообщите время загрузки и настройки сопоставления полей, чтобы мы проверили причину.",Вы два раза импортировали. Удалите дубликаты вручную.,0.7235788106918335,0.5543027520179749,0.16927605867385864,0.7693957090377808,0.5539852380752563,0.21541047096252441,0.045816898345947266,-0.00031751394271850586,0.04613441228866577
27,test,27,Подарочный сертификат не принимается при оплате.,Понимаю Ваше неудобство. Сообщите номер сертификата через защищённый канал и текст ошибки. Мы проверим его статус и доступность использования.,"Сертификат, наверное, просрочен. Купите новый.",0.5853376984596252,0.5309511423110962,0.05438655614852905,0.6098791360855103,0.5232689380645752,0.08661019802093506,0.02454143762588501,-0.007682204246520996,0.032223641872406006
28,test,28,Не могу подключить корпоративный календарь.,Понимаю Ваше неудобство. Сообщите тип календаря и текст ошибки. Мы проверим необходимые разрешения и параметры интеграции.,Календарь не поддерживается. Используйте другой.,0.5140942931175232,0.4269466996192932,0.08714759349822998,0.5154123306274414,0.3844669461250305,0.1309453845024109,0.0013180375099182129,-0.042479753494262695,0.04379779100418091
29,test,29,Внешняя интеграция создаёт пользователей без нашего разрешения.,"Понимаю Ваше беспокойство — автоматическое создание пользователей без ожидаемого действия требует срочной проверки. Если это безопасно, временно отключите интеграцию и сообщите её название и время появления пользователей. Мы проверим журнал событий и настройки синхронизации.",Интеграция сама создаёт пользователей. Отключи её.,0.6385343074798584,0.5849119424819946,0.05362236499786377,0.4503110945224762,0.619790256023407,-0.1694791615009308,-0.1882232129573822,0.034878313541412354,-0.22310152649879456
30,test,30,Срок рассмотрения моего обращения уже вышел.,"Понимаю Ваше недовольство — ожидание сверх заявленного срока действительно неприятно. Сообщите номер обращения, и мы проверим его текущий статус и причину задержки.","Обращений много. Ждите, когда до вас дойдут.",0.7196274995803833,0.280284583568573,0.4393429160118103,0.7175004482269287,0.2819059491157532,0.43559449911117554,-0.00212705135345459,0.0016213655471801758,-0.0037484169006347656
31,test,31,"Во время видеозвонков собеседники жалуются на эхо, хотя у меня гарнитура.","Понимаю, что эхо мешает нормальному разговору. Проверьте, не включён ли одновременно микрофон на другом подключённом устройстве и выбрана ли гарнитура как основное аудиоустройство. Если проблема остаётся, сообщите модель гарнитуры и браузер.",Это твой микрофон даёт эхо. Проверь настройки.,0.7990401387214661,0.6636247038841248,0.1354154348373413,0.7986817359924316,0.6721490621566772,0.1265326738357544,-0.00035840272903442383,0.00852435827255249,-0.008882761001586914
32,test,32,"У сотрудника изменился email, и теперь он потерял доступ к рабочей области.","Понимаю, как неудобно потерять доступ после изменения корпоративного адреса. Если старый адрес ещё доступен, можно попробовать войти прежними данными и обновить профиль. Если нет, сообщите рабочую область и статус пользователя — мы подскажем безопасный способ восстановления.",Пусть создаст новый аккаунт с новой почтой.,0.6643048524856567,0.4988272488117218,0.16547760367393494,0.6628297567367554,0.49299103021621704,0.16983872652053833,-0.0014750957489013672,-0.005836218595504761,0.0043611228466033936
33,test,33,Не приходит код подтверждения на телефон.,"Понимаю, как неудобно ждать код, особенно когда он нужен для входа. Проверьте сигнал сети и заблокированные сообщения. Если код не поступит, сообщите время последней попытки.","Нажмите отправить ещё раз. Если не приходит, значит проблема у оператора.",0.5941587090492249,0.4989967346191406,0.09516197443008423,0.5731536149978638,0.5060042142868042,0.06714940071105957,-0.021005094051361084,0.007007479667663574,-0.028012573719024658
34,test,34,"Я хочу отключить вход через социальную сеть, но оставить обычный пароль.","Понимаю Ваше желание изменить способ входа и сохранить доступ к аккаунту. Сообщите тип подключённого сервиса и раздел настроек, который Вы видите. Мы подскажем, как безопасно отключить внешний способ входа, не потеряв доступ.",Просто отвяжи соцсеть. Пароль останется.,0.5984709858894348,0.719873309135437,-0.1214023232460022,0.6210390329360962,0.7471411228179932,-0.12610208988189697,0.022568047046661377,0.027267813682556152,-0.004699766635894775
35,test,35,"Хочу закрыть аккаунт, но не нахожу соответствующей кнопки.","Понимаю Ваше неудобство. Мы поможем пройти процедуру закрытия аккаунта. Сообщите адрес электронной почты, связанный с ним, и мы подскажем доступный способ удаления.","Кнопки нет, значит сами удалить не можете. Пишите в поддержку.",0.6672353744506836,0.21364322304725647,0.4535921514034271,0.6717117428779602,0.2044954001903534,0.4672163426876068,0.004476368427276611,-0.009147822856903076,0.013624191284179688
36,test,36,Почему в личном кабинете исчезла история моих заказов за прошлый год?,"Понимаю Ваше беспокойство — история заказов может быть нужна для возвратов, документов и гарантийного обслуживания. Сообщите адрес аккаунта и примерный период, который исчез, и мы проверим, отображаются ли эти данные в системе.",Старые заказы иногда удаляются. Посмотри в почте.,0.6364531517028809,0.6243835687637329,0.01206958293914795,0.6114234924316406,0.5744363069534302,0.03698718547821045,-0.025029659271240234,-0.049947261810302734,0.0249176025390625
37,test,37,Участник не получил приглашение на встречу.,"Понимаю Ваше неудобство. Проверьте адрес участника и папку «Спам». Если приглашение не пришло, сообщите дату встречи и адрес получателя — мы проверим отправку.","Пусть проверит спам. Если нет, отправьте ещё раз.",0.6663448810577393,0.23094365000724792,0.43540123105049133,0.7787292003631592,0.48656928539276123,0.29215991497039795,0.11238431930541992,0.2556256353855133,-0.14324131608009338
38,test,38,После очистки кэша проблема всё равно осталась.,"Понимаю, что повторение стандартных действий не помогло. Давайте проверим ситуацию глубже. Сообщите браузер, устройство и точное место возникновения ошибки.",Тогда попробуйте другой компьютер.,0.567534327507019,0.2588021755218506,0.30873215198516846,0.5361628532409668,0.41015490889549255,0.12600794434547424,-0.031371474266052246,0.15135273337364197,-0.1827242076396942
39,test,39,"У клиента не открывается ссылка на счёт, хотя у меня она работает.","Понимаю Ваше неудобство — особенно если клиенту нужно получить счёт срочно. Сообщите номер счёта, браузер клиента и текст ошибки. Мы проверим доступность ссылки и настройки доступа к документу.","Если у тебя работает, значит ссылка нормальная. Пусть клиент попробует другой браузер.",0.6673463582992554,0.6564202904701233,0.01092606782913208,0.6542067527770996,0.6967195868492126,-0.04251283407211304,-0.013139605522155762,0.040299296379089355,-0.05343890190124512
40,test,40,"Мне нужно восстановить удалённый проект, но в корзине его нет.","Понимаю Ваше беспокойство — если проект был важным, отсутствие его в корзине действительно тревожит. Сообщите название проекта и примерное время удаления. Мы проверим историю операций и доступные механизмы восстановления.","Если в корзине нет, значит восстановить нельзя.",0.43302327394485474,0.2360878735780716,0.19693540036678314,0.5310737490653992,0.24833567440509796,0.2827380746603012,0.09805047512054443,0.012247800827026367,0.08580267429351807
41,test,41,"Автоматическое письмо не отправилось, хотя условие было выполнено.","Понимаю Ваше неудобство. Давайте проверим журнал автоматизации, статус условия и очередь отправки. Сообщите время события и тип письма — мы сможем точнее определить, на каком этапе возникла проблема.",Письмо могло не уйти. Проверь очередь.,0.6908259391784668,0.5289448499679565,0.16188108921051025,0.6591339111328125,0.5626643896102905,0.09646952152252197,-0.0316920280456543,0.033719539642333984,-0.06541156768798828
42,test,42,"Не понимаю, почему у администратора нет доступа к одному разделу.","Понимаю Ваш вопрос. Доступ может зависеть от конкретной роли и политики безопасности. Сообщите название раздела и рабочую область, чтобы мы проверили права.",Администратор не всегда имеет всё. Пусть другой пользователь откроет.,0.4981416165828705,0.6292089819908142,-0.13106736540794373,0.6725348830223083,0.5523486137390137,0.12018626928329468,0.17439326643943787,-0.07686036825180054,0.2512536346912384
43,test,43,Не могу изменить язык интерфейса.,"Понимаю Ваше неудобство. Сообщите устройство и версию приложения. Мы проверим, где находится настройка языка и поддерживается ли нужный язык.",Язык меняется в настройках. Найдите этот раздел.,0.6405328512191772,0.5922913551330566,0.048241496086120605,0.6894755959510803,0.5486860275268555,0.14078956842422485,0.048942744731903076,-0.04360532760620117,0.09254807233810425
44,test,44,Файлы из Google Drive не появляются в сервисе.,Понимаю Ваше беспокойство. Сообщите рабочую область и время последней синхронизации. Мы проверим доступ интеграции и статус импорта файлов.,Синхронизация не работает. Переподключите Drive.,0.3343774080276489,0.24907037615776062,0.0853070318698883,0.49737873673439026,0.4467950463294983,0.05058369040489197,0.16300132870674133,0.19772467017173767,-0.03472334146499634
45,test,45,"Промокод сработал, но скидка получилась меньше обещанной.","Понимаю Ваш вопрос. Сообщите размер ожидаемой скидки, фактическую сумму и условия акции. Мы проверим расчёт и применённые ограничения.","Скидки считаются автоматически. Наверное, Вы неправильно поняли условия.",0.676239550113678,0.6093672513961792,0.06687229871749878,0.57012939453125,0.5150459408760071,0.05508345365524292,-0.10611015558242798,-0.09432131052017212,-0.01178884506225586
46,test,46,Не могу восстановить покупку после переустановки приложения.,"Понимаю Ваше беспокойство — после переустановки важно вернуть уже приобретённые функции. Убедитесь, что Вы вошли под тем же аккаунтом магазина. Если восстановление не срабатывает, сообщите платформу и дату покупки — мы проверим доступные варианты.",Войди в тот же аккаунт и нажми восстановить покупки.,0.6970123052597046,0.5381067991256714,0.1589055061340332,0.7131662368774414,0.5368027687072754,0.17636346817016602,0.016153931617736816,-0.001304030418395996,0.017457962036132812
47,test,47,"При выгрузке отчёта пропадают столбцы, которые есть на экране.","Понимаю Ваше недоумение — экспорт должен соответствовать выбранному представлению, если это предусмотрено форматом. Сообщите название отчёта и какие столбцы отсутствуют в файле. Мы проверим настройки экспорта.",Экспорт не всегда включает все столбцы. Добавь их вручную.,0.5038853883743286,0.3965476453304291,0.10733774304389954,0.6170283555984497,0.5806653499603271,0.03636300563812256,0.1131429672241211,0.18411770462989807,-0.07097473740577698
48,test,48,"Сотрудник ушёл из компании, но его данные нужны для истории проектов. Можно удалить его аккаунт, не потеряв историю?","Понимаю Вашу задачу: важно закрыть доступ бывшего сотрудника, сохранив рабочую историю. В таких системах удаление пользователя и сохранение исторических данных могут обрабатываться отдельно. Сообщите тип аккаунта и рабочую область, и мы подскажем безопасный вариант.","Просто удали пользователя. История, наверное, останется.",0.762294352054596,0.43795859813690186,0.3243357539176941,0.7895095348358154,0.43211227655410767,0.35739725828170776,0.027215182781219482,-0.0058463215827941895,0.03306150436401367
49,test,49,Цена товара изменилась после оформления заказа.,"Понимаю Ваш вопрос. Сообщите номер заказа и первоначальную цену, чтобы мы проверили, какая сумма была зафиксирована при оформлении.",Цены могут меняться. Вам нужно было покупать раньше.,0.639545202255249,0.6413906812667847,-0.0018454790115356445,0.5887628197669983,0.6337396502494812,-0.04497683048248291,-0.05078238248825073,-0.007651031017303467,-0.043131351470947266
50,test,50,"Заказ отменился, но продавец говорит, что уже отправил товар.","Понимаю, что такая ситуация вызывает путаницу. Сообщите номер заказа и данные отправления, если они есть. Мы проверим статус заказа и доставки.","Если заказ отменён, значит всё отменено. Разбирайтесь с продавцом.",0.5805463790893555,0.7630138397216797,-0.18246746063232422,0.6152068376541138,0.7812740206718445,-0.1660671830177307,0.0346604585647583,0.018260180950164795,0.016400277614593506
51,test,51,"Нам нужно ограничить доступ к проекту только определённой группе, но сейчас его видят все сотрудники.","Понимаю Вашу задачу — ограничение доступа должно соответствовать структуре команды. Сообщите название проекта и нужную группу. Мы проверим текущие права и подскажем, как настроить доступ без потери существующих данных.",Убери общий доступ и добавь группу. Всё просто.,0.7823531031608582,0.49779677391052246,0.2845563292503357,0.7928406000137329,0.49046531319618225,0.30237528681755066,0.010487496852874756,-0.00733146071434021,0.017818957567214966
52,test,52,"Не могу удалить группу, потому что система говорит, что она используется.","Понимаю Ваше неудобство. Группа может быть связана с правилами доступа, автоматизациями или проектами. Сообщите название группы и текст ошибки — мы поможем определить зависимость и безопасный порядок удаления.",Она где-то используется. Найди где и удали зависимость.,0.5877233147621155,0.35323697328567505,0.23448634147644043,0.5811969041824341,0.37543728947639465,0.20575961470603943,-0.0065264105796813965,0.022200316190719604,-0.028726726770401
53,test,53,"Я отключил публичную ссылку на профиль, но она всё ещё открывается.","Понимаю Ваше беспокойство. После отключения ссылки отображение может некоторое время сохраняться из-за кэширования, но это важно проверить. Сообщите дату отключения и тип ссылки, не публикуя её содержимое. Мы проверим актуальный статус.","Ссылка закэшировалась. Подожди, пока исчезнет.",0.5651459097862244,0.4468664824962616,0.11827942728996277,0.5875385999679565,0.4161835312843323,0.17135506868362427,0.022392690181732178,-0.03068295121192932,0.0530756413936615
54,test,54,Не могу открыть электронный документ из письма.,Понимаю Ваше неудобство. Сообщите формат документа и текст ошибки при открытии. Мы проверим файл и при необходимости предложим другой способ его получить.,"Файл, наверное, повреждён. Попросите отправить ещё раз.",0.6000797748565674,0.411718487739563,0.1883612871170044,0.6070798635482788,0.44271937012672424,0.16436049342155457,0.007000088691711426,0.031000882387161255,-0.02400079369544983
55,test,55,"Я оплатил заказ подарочной картой, а при возврате мне говорят, что деньги на неё не вернут.","Понимаю Ваш вопрос — при возврате важно понимать, каким способом будут возвращены средства. Сообщите номер заказа и тип подарочной карты, и мы проверим условия возврата именно для Вашей покупки.",На подарочные карты деньги обычно не возвращают. Тут ничего не сделать.,0.7424663305282593,0.6702309846878052,0.0722353458404541,0.8627439737319946,0.5042037963867188,0.3585401773452759,0.12027764320373535,-0.16602718830108643,0.2863048315048218
56,test,56,"Вошёл через Google, но оказался в пустом новом аккаунте.","Понимаю Ваше недоумение. Возможно, вход выполнен с другим Google-аккаунтом или использовался другой способ регистрации. Сообщите адрес рабочей области и способ прежнего входа, чтобы мы помогли найти исходный аккаунт.",Вы вошли не через тот Google. Попробуйте другой.,0.6524240970611572,0.48032844066619873,0.1720956563949585,0.6878155469894409,0.4867549538612366,0.20106059312820435,0.03539144992828369,0.006426513195037842,0.02896493673324585
57,test,57,Я не могу получить заказ в пункте выдачи: код не принимается.,"Понимаю Ваше неудобство. Сообщите номер заказа и текст ошибки, не передавая код полностью в чате. Мы проверим статус отправления и способ получения.",Код неправильный. Попробуйте ввести ещё раз.,0.680809497833252,0.5224173069000244,0.15839219093322754,0.6770257949829102,0.5157325267791748,0.16129326820373535,-0.003783702850341797,-0.006684780120849609,0.0029010772705078125
58,test,58,"Я отключил уведомления, но они всё равно приходят.","Понимаю Ваше раздражение. Мы проверим настройки уведомлений и канал, через который сообщения продолжают поступать. Сообщите дату последнего уведомления и тип операции.",Значит отключили не все уведомления. Проверьте настройки ещё раз.,0.5641283392906189,0.6932020783424377,-0.12907373905181885,0.5401487350463867,0.7484040260314941,-0.20825529098510742,-0.023979604244232178,0.055201947689056396,-0.07918155193328857
59,test,59,"Нам нужно запретить копирование текста из документов, но я не нахожу такой настройки.","Понимаю Вашу задачу — ограничение копирования может быть важно для защиты внутренних материалов. Сообщите тариф и тип документов. Мы проверим, поддерживается ли такая политика и какие альтернативные ограничения доступны.","Если такой кнопки нет, значит нельзя запретить.",0.6318619847297668,0.14116980135440826,0.4906921833753586,0.5709666013717651,0.2450467348098755,0.32591986656188965,-0.06089538335800171,0.10387693345546722,-0.16477231681346893
60,test,60,Мне вернули только часть стоимости заказа.,"Понимаю Ваш вопрос. Сообщите номер заказа и сумму, которую ожидали получить, а также фактическую сумму возврата. Мы проверим расчёт.","Наверное, часть товара не подлежала возврату. Посмотрите условия.",0.7450385689735413,0.5127941966056824,0.2322443723678589,0.6682160496711731,0.40984997153282166,0.25836607813835144,-0.07682251930236816,-0.10294422507286072,0.026121705770492554
61,test,61,После смены названия компании старое название осталось в автоматических письмах.,Понимаю Ваше неудобство. Автоматические письма могут использовать отдельные настройки бренда или сохранённые шаблоны. Сообщите рабочую область и пример письма — мы проверим источник старого названия.,Поменяй название в шаблоне. Старое само не исчезнет.,0.6993635892868042,0.2967787981033325,0.4025847911834717,0.7679120302200317,0.2963998317718506,0.47151219844818115,0.06854844093322754,-0.0003789663314819336,0.06892740726470947
62,test,62,"Я перешёл по ссылке из SMS, но ничего не вводил. Нужно ли что-то делать?","Понимаю Ваше беспокойство. Если Вы не вводили пароль или платёжные данные, риск ниже, но рекомендуем закрыть страницу и проверить активные сеансы аккаунта. Если Вы всё же вводили какие-либо данные, сообщите нам через официальный канал.","Если ничего не вводили, всё нормально. Ничего не делайте.",0.460260808467865,0.32477229833602905,0.13548851013183594,0.3893812298774719,0.29982826113700867,0.08955296874046326,-0.07087957859039307,-0.024944037199020386,-0.04593554139137268
63,test,63,Синхронизация файлов с компьютером перестала работать.,"Понимаю, как это мешает работе. Сообщите операционную систему, версию приложения синхронизации и время возникновения проблемы. Мы проверим состояние подключения.","Перезапустите приложение. Наверное, поможет.",0.6008560657501221,0.3179594576358795,0.28289660811424255,0.6032023429870605,0.27669042348861694,0.3265119194984436,0.0023462772369384766,-0.04126903414726257,0.04361531138420105
64,test,64,Приложение не отправляет push-уведомления.,"Понимаю, насколько это неудобно. Проверьте разрешения уведомлений и режим энергосбережения. Если проблема сохраняется, сообщите устройство и версию приложения.",Уведомления выключены. Включите их.,0.4698064923286438,0.27202484011650085,0.19778165221214294,0.43520861864089966,0.2644895315170288,0.17071908712387085,-0.03459787368774414,-0.007535308599472046,-0.027062565088272095
65,test,65,После включения SSO один сотрудник всё ещё входит по паролю.,"Понимаю Ваш вопрос. Сообщите его роль и адрес аккаунта. Мы проверим, распространяется ли политика SSO на этого пользователя и какие исключения настроены.","Пусть входит через SSO, а не по паролю.",0.5993929505348206,0.5647872090339661,0.03460574150085449,0.584716796875,0.6784851551055908,-0.09376835823059082,-0.014676153659820557,0.11369794607162476,-0.1283740997314453
66,test,66,Уведомления о списаниях приходят с большой задержкой.,"Понимаю Ваше беспокойство — своевременные уведомления важны для контроля операций. Сообщите дату нескольких операций и время получения уведомлений, чтобы мы проверили задержку.",Уведомления могут задерживаться. Это нормально.,0.6074644923210144,0.593267560005188,0.014196932315826416,0.6737050414085388,0.6628370881080627,0.010867953300476074,0.06624054908752441,0.06956952810287476,-0.003328979015350342
67,test,67,"Посылка вернулась отправителю, хотя я её не отменял.","Понимаю Ваше недоумение. Сообщите номер заказа и трек-номер, чтобы мы проверили причину возврата отправителю и возможные варианты повторной доставки.","Наверное, никто не забрал посылку. Заказывайте заново.",0.5987349152565002,0.5213877558708191,0.07734715938568115,0.6068891286849976,0.5246598720550537,0.08222925662994385,0.008154213428497314,0.003272116184234619,0.004882097244262695
68,test,68,Я хочу сообщить о мошенническом продавце на площадке.,"Спасибо, что сообщили. Пришлите номер заказа или ссылку на карточку продавца и кратко опишите ситуацию. Мы передадим информацию на проверку и подскажем дальнейшие действия.",Просто пожалуйтесь на продавца через кнопку.,0.5328592658042908,0.3784547448158264,0.15440452098846436,0.6100049018859863,0.401861310005188,0.20814359188079834,0.07714563608169556,0.023406565189361572,0.053739070892333984
69,test,69,"Я заказал подарок к конкретной дате, а вы перенесли доставку на неделю позже. Теперь он мне уже не нужен.","Понимаю Ваше разочарование: если заказ был нужен к определённой дате, перенос доставки существенно меняет ситуацию. Сообщите номер заказа, и мы проверим возможность отмены, возврата или другого решения с учётом текущего статуса доставки.","Если дата изменилась, значит придётся ждать. Можешь потом вернуть.",0.6427761316299438,0.39153239130973816,0.2512437403202057,0.6681503057479858,0.47337204217910767,0.19477826356887817,0.025374174118041992,0.0818396508693695,-0.056465476751327515
70,test,70,После записи встречи файл не появляется.,"Понимаю Ваше беспокойство. Сообщите дату и время встречи и рабочую область, чтобы мы проверили статус обработки записи.",Запись ещё обрабатывается. Подождите.,0.5450460910797119,0.38799214363098145,0.15705394744873047,0.5595709085464478,0.41156166791915894,0.14800924062728882,0.01452481746673584,0.02356952428817749,-0.00904470682144165
71,test,71,После отключения Google Drive файлы остались в сервисе.,"Понимаю Ваш вопрос. Отключение интеграции не всегда удаляет уже импортированные данные. Сообщите, какие файлы нужно удалить, чтобы мы проверили доступный способ.","Интеграция отключена, но файлы уже скопированы. Удалите их сами.",0.42863646149635315,0.517157793045044,-0.0885213315486908,0.44451290369033813,0.5088959336280823,-0.06438302993774414,0.015876442193984985,-0.00826185941696167,0.024138301610946655
72,test,72,"Получатель отчёта говорит, что письмо приходит пустым, хотя у меня файл открывается нормально.","Понимаю Ваше неудобство. Пустое содержимое может быть связано с форматом вложения, правами или особенностями почтового клиента. Сообщите формат отчёта и почтовый сервис получателя — мы проверим возможную причину.","У получателя, наверное, почта плохо работает. Пусть скачает файл.",0.550965428352356,0.5893129110336304,-0.038347482681274414,0.4061751961708069,0.5374375581741333,-0.13126236200332642,-0.14479023218154907,-0.05187535285949707,-0.092914879322052
73,test,73,Я случайно пополнил не тот номер телефона.,"Понимаю, как неприятно ошибиться в номере. Сообщите номер операции и время платежа. Мы проверим, можно ли отменить или скорректировать операцию.",Вы сами ошиблись номером. Обратитесь к оператору.,0.5937621593475342,0.5306969881057739,0.06306517124176025,0.7038443088531494,0.5235358476638794,0.18030846118927002,0.11008214950561523,-0.007161140441894531,0.11724328994750977
74,test,74,При входе через SSO пользователь получает неправильную роль.,"Понимаю Ваше беспокойство. Сообщите роль, которую получает пользователь, и ожидаемую роль, а также используемый атрибут SSO. Мы проверим сопоставление ролей.",У Вас неправильно настроен маппинг. Исправьте его.,0.561880350112915,0.164156973361969,0.39772337675094604,0.58811354637146,0.1587037444114685,0.42940980195999146,0.026233196258544922,-0.005453228950500488,0.03168642520904541
75,test,75,"Не могу найти функцию, которая раньше была в нижнем меню.","Понимаю Ваше неудобство — после изменения интерфейса привычные функции действительно бывает сложно найти. Сообщите название функции или что именно Вы хотите сделать, и я подскажу, где она находится в текущей версии приложения.",Меню поменяли. Ищи её в других разделах.,0.5777955651283264,0.2821618914604187,0.2956336736679077,0.46630430221557617,0.30161985754966736,0.1646844446659088,-0.11149126291275024,0.019457966089248657,-0.1309492290019989
76,test,76,"Нам нужно запретить вход с личных устройств, но я не вижу такой настройки.","Понимаю Вашу задачу — ограничение доступа с личных устройств может быть важным требованием безопасности. Сообщите тариф и тип рабочей области. Мы проверим, поддерживается ли такая политика и где она настраивается.","Если настройки нет, значит такой функции нет.",0.5956177711486816,0.28945648670196533,0.3061612844467163,0.731529951095581,0.2775304913520813,0.45399945974349976,0.13591217994689941,-0.011925995349884033,0.14783817529678345
77,test,77,"Сотрудник видит меню, которое по его роли должно быть скрыто.","Понимаю Ваше беспокойство. Давайте проверим эффективные права пользователя, включая группы и унаследованные роли. Сообщите тип роли и название раздела, который остаётся видимым.",У него лишние права. Удали роль и назначь заново.,0.4425222873687744,0.26934316754341125,0.17317911982536316,0.5295435190200806,0.2985246479511261,0.23101887106895447,0.08702123165130615,0.029181480407714844,0.05783975124359131
78,test,78,"Мне прислали инструкцию, которая не относится к моей версии приложения.","Понимаю Ваше недовольство — инструкция действительно должна соответствовать используемой версии. Сообщите версию приложения и устройство, чтобы мы дали актуальные шаги.",Инструкция общая. Попробуйте найти нужную кнопку сами.,0.6431849002838135,0.31937193870544434,0.32381296157836914,0.6873451471328735,0.33823466300964355,0.34911048412323,0.04416024684906006,0.01886272430419922,0.02529752254486084
79,test,79,Не могу поменять владельца рабочей области на другого сотрудника.,Понимаю Вашу задачу. Передача владения может требовать определённых прав и подтверждений безопасности. Сообщите тип рабочей области и статус текущего и нового владельца — мы подскажем доступную процедуру.,Владельца нельзя просто поменять. Пусть новый создаст свою организацию.,0.764025092124939,0.4961756467819214,0.2678494453430176,0.7192971706390381,0.40306979417800903,0.31622737646102905,-0.04472792148590088,-0.09310585260391235,0.048377931118011475
80,test,80,В отчёте по продажам внезапно появились отрицательные значения.,"Понимаю Ваше беспокойство — неожиданные отрицательные значения действительно требуют проверки. Сообщите название отчёта, период и пример строки. Мы проверим, связаны ли значения с возвратами, корректировками или ошибкой расчёта.","Наверное, это возвраты. Посмотри операции.",0.6688340902328491,0.3036458492279053,0.36518824100494385,0.6705292463302612,0.29925525188446045,0.3712739944458008,0.0016951560974121094,-0.004390597343444824,0.006085753440856934
81,test,81,После удаления общей ссылки документ всё ещё доступен по старой ссылке.,"Понимаю Ваше беспокойство — если общий доступ отключён, старая ссылка не должна оставаться доступной без соответствующих прав. Сообщите дату отключения и тип документа. Мы проверим состояние ссылки и кэширование доступа.",Ссылка могла закэшироваться. Подожди.,0.7234394550323486,0.3556244969367981,0.36781495809555054,0.747573971748352,0.3544663190841675,0.39310765266418457,0.024134516716003418,-0.0011581778526306152,0.025292694568634033
82,test,82,"Не могу добавить сотрудника, потому что система считает его уже зарегистрированным в другой организации.","Понимаю Ваше неудобство. Такое сообщение может означать, что адрес уже связан с другой организацией или приглашением. Сообщите текст ошибки и тип аккаунта сотрудника, не передавая пароль. Мы проверим возможные варианты подключения.",Он уже есть в другой организации. Пусть выйдет оттуда.,0.4726155698299408,0.22345007956027985,0.24916549026966095,0.48403459787368774,0.2557574510574341,0.22827714681625366,0.011419028043746948,0.032307371497154236,-0.020888343453407288
83,test,83,Экспорт журнала аудита не работает.,"Понимаю Ваше неудобство. Сообщите период, объём данных и текст ошибки. Мы проверим экспорт и возможный альтернативный способ получения журнала.",Попробуйте экспорт ещё раз.,0.682846188545227,0.543481171131134,0.13936501741409302,0.6307522058486938,0.4713965654373169,0.15935564041137695,-0.0520939826965332,-0.07208460569381714,0.019990622997283936
84,test,84,"Сегмент клиентов показывает людей, которые не соответствуют заданным условиям.",Понимаю Ваше беспокойство — некорректная сегментация может привести к отправке сообщений не той аудитории. Сообщите условия сегмента и пример записи без персональных данных. Мы проверим логику фильтра и время обновления сегмента.,"Фильтр, наверное, неправильный. Проверь условия.",0.6081465482711792,0.26688575744628906,0.34126079082489014,0.618526816368103,0.2653234004974365,0.3532034158706665,0.010380268096923828,-0.001562356948852539,0.011942625045776367
85,test,85,"В приложении не отображается новая банковская операция, хотя SMS о ней уже пришло.","Понимаю Ваше беспокойство — расхождение между SMS и историей операций действительно может вызывать вопросы. Сообщите время и сумму операции и тип операции, не передавая секретные данные. Мы проверим, на каком этапе находится её отображение.",Приложение обновится позже. Просто подожди.,0.34756919741630554,0.402851939201355,-0.05528274178504944,0.29761803150177,0.3501371145248413,-0.05251908302307129,-0.04995116591453552,-0.05271482467651367,0.0027636587619781494
86,test,86,Не могу удалить рабочую область.,"Понимаю Ваше неудобство. Удаление может требовать прав владельца и дополнительных подтверждений. Сообщите Вашу роль и название рабочей области, чтобы мы подскажем порядок действий.","Если не удаляется, значит Вы не владелец.",0.6420514583587646,0.41266322135925293,0.22938823699951172,0.5585220456123352,0.337344229221344,0.2211778163909912,-0.08352941274642944,-0.07531899213790894,-0.008210420608520508
87,test,87,"Я хочу временно приостановить аккаунт, но не удалять его.","Понимаю Ваше желание временно приостановить использование аккаунта без потери данных. Сообщите тип аккаунта и причину, если она связана с определённой функцией. Мы проверим, предусмотрен ли режим временной деактивации и что произойдёт с данными.","Удаляй аккаунт, если не хочешь им пользоваться.",0.7677973508834839,0.5379801392555237,0.2298172116279602,0.8443262577056885,0.7122352123260498,0.13209104537963867,0.07652890682220459,0.17425507307052612,-0.09772616624832153
88,test,88,"У меня списали оплату, но заказ так и не создался. Деньги куда-то ушли.","Понимаю Ваше беспокойство — особенно неприятно видеть списание, когда заказ не появился. Сообщите время операции, сумму и, если есть, идентификатор платежа. Мы проверим состояние транзакции и подскажем, будет ли создан заказ или средства будут возвращены.","Если заказа нет, деньги обычно сами вернутся. Просто подожди.",0.724387526512146,0.5713497400283813,0.15303778648376465,0.729190468788147,0.5477581024169922,0.18143236637115479,0.0048029422760009766,-0.02359163761138916,0.028394579887390137
89,test,89,"Я не понимаю, почему банк удержал сумму при конвертации валюты. Курс вроде был другой.","Понимаю Ваш вопрос — разница между ожидаемой и фактической суммой при конвертации действительно требует пояснения. Сообщите дату операции, исходную сумму и валюты. Мы проверим применённый курс и возможные комиссии без необходимости передавать данные карты.",Курс меняется постоянно. Поэтому сумма могла отличаться.,0.6877710819244385,0.4815283417701721,0.20624274015426636,0.6701889038085938,0.4438059329986572,0.22638297080993652,-0.017582178115844727,-0.03772240877151489,0.020140230655670166
90,test,90,После досрочного погашения в приложении всё ещё показывается долг.,"Понимаю Ваше беспокойство. Статус может обновляться после обработки платежа. Сообщите дату, сумму и номер операции, чтобы мы проверили погашение.",Приложение тормозит. Подождите.,0.6843044757843018,0.3155660033226013,0.36873847246170044,0.712047278881073,0.32607951760292053,0.38596776127815247,0.02774280309677124,0.010513514280319214,0.017229288816452026
91,test,91,"Сервис сообщает о технических работах, но нам не пришло предупреждение.","Понимаю Ваше недовольство — заранее получать информацию о работах действительно важно. Сообщите рабочую область и дату инцидента, чтобы мы проверили уведомления и доступную информацию о работах.",Не всем приходят уведомления. Просто следите за сайтом.,0.46525639295578003,0.41813814640045166,0.04711824655532837,0.542650580406189,0.47514504194259644,0.06750553846359253,0.07739418745040894,0.057006895542144775,0.02038729190826416
92,test,92,Не могу импортировать клиентов из Excel: часть строк отклоняется без объяснения.,"Понимаю Ваше неудобство — особенно когда файл импортируется частично без понятной причины. Сообщите формат файла, количество строк и пример одной отклонённой строки без персональных данных. Мы проверим требования к полям и форматам.",В некоторых строках ошибка. Проверь Excel.,0.5656669735908508,0.59625643491745,-0.03058946132659912,0.5717601776123047,0.6011680364608765,-0.029407858848571777,0.006093204021453857,0.004911601543426514,0.0011816024780273438
93,test,93,"Нам обещали корпоративный тариф, но аккаунт показывает обычную цену.","Понимаю Ваш вопрос. Сообщите название компании, рабочую область и согласованные условия без конфиденциальных документов. Мы проверим статус корпоративного тарифа.","Если показывается обычная цена, значит корпоративного тарифа нет.",0.6807309985160828,0.5557019710540771,0.12502902746200562,0.7209411859512329,0.5752323269844055,0.1457088589668274,0.040210187435150146,0.01953035593032837,0.020679831504821777
94,test,94,Почему сервис был недоступен ночью?,"Понимаю Ваш вопрос. Сообщите примерное время и рабочую область, чтобы мы проверили наличие инцидента или плановых работ в этот период.","Наверное, были работы. Ночью такое бывает.",0.4044385552406311,0.20000657439231873,0.20443198084831238,0.45650121569633484,0.45795708894729614,-0.0014558732509613037,0.052062660455703735,0.2579505145549774,-0.20588785409927368
95,test,95,"Уведомления приложения приходят только тогда, когда я его открываю.","Понимаю, как неудобно узнавать о событиях с задержкой. Проверьте разрешения на уведомления и работу приложения в фоновом режиме. Если проблема сохраняется, сообщите модель устройства и версию ОС — мы проверим возможные ограничения.",Телефон блокирует приложение в фоне. Разреши ему работать.,0.7152695655822754,0.5876158475875854,0.12765371799468994,0.698182225227356,0.5528872609138489,0.14529496431350708,-0.017087340354919434,-0.03472858667373657,0.01764124631881714
96,test,96,"Номер изменился, но приложение показывает старый.",Понимаю Ваше неудобство. Сообщите версию приложения и дату изменения номера. Мы проверим синхронизацию данных аккаунта.,"Перезапустите приложение. Наверное, кэш старый.",0.6677349805831909,0.5979428291320801,0.06979215145111084,0.6769610643386841,0.5737147331237793,0.10324633121490479,0.009226083755493164,-0.02422809600830078,0.033454179763793945
97,test,97,Интеграция передаёт неправильные значения в одно поле.,Понимаю Ваше беспокойство. Сообщите название поля и пример ожидаемого и фактического значения без клиентских данных. Мы проверим правила преобразования.,Маппинг неправильный. Исправьте его.,0.44610604643821716,0.37288492918014526,0.0732211172580719,0.39911210536956787,0.23403377830982208,0.1650783270597458,-0.04699394106864929,-0.13885115087032318,0.09185720980167389
98,test,98,Письма отправляются с неправильным логотипом компании.,"Понимаю Ваше беспокойство — фирменное оформление важно для корректной коммуникации с клиентами. Сообщите рабочую область и шаблон письма, где отображается старый логотип. Мы проверим настройки брендинга и кэширование шаблона.",Поменяй логотип в настройках бренда.,0.5952814817428589,0.3886542320251465,0.2066272497177124,0.6487942934036255,0.5194766521453857,0.12931764125823975,0.0535128116607666,0.13082242012023926,-0.07730960845947266
99,test,99,Не могу сохранить новые реквизиты компании.,"Понимаю Ваше неудобство. Сообщите тип компании, страну регистрации и текст ошибки, не передавая лишние данные. Мы проверим требования к реквизитам.","Наверное, реквизиты введены неправильно.",0.639837920665741,0.3275575041770935,0.31228041648864746,0.6027007102966309,0.3635646104812622,0.23913609981536865,-0.03713721036911011,0.0360071063041687,-0.07314431667327881
100,test,100,Не могу сменить роль сотрудника.,"Понимаю Ваше неудобство. Возможность изменения роли зависит от Ваших административных прав. Сообщите текущую роль и рабочую область, чтобы мы проверили доступные действия.",У Вас нет прав. Пусть другой администратор поменяет.,0.6731332540512085,0.3732844591140747,0.2998487949371338,0.664702832698822,0.3631843328475952,0.3015184998512268,-0.008430421352386475,-0.010100126266479492,0.0016697049140930176
101,test,101,Синхронизация создала копии одного и того же файла.,"Понимаю Ваше неудобство. Сообщите название файла и время появления копий. Мы проверим историю синхронизации и подскажем, как безопасно объединить изменения.",Синхронизация сделала дубликаты. Удалите лишние.,0.6631771326065063,0.6462306380271912,0.016946494579315186,0.6314716935157776,0.5751348733901978,0.056336820125579834,-0.03170543909072876,-0.07109576463699341,0.03939032554626465
102,test,102,Система не принимает индекс компании.,"Понимаю Ваше неудобство. Сообщите страну и формат индекса, который Вы вводите, без полного адреса. Мы проверим требования поля.",Индекс должен быть правильным. Проверьте ещё раз.,0.5329197645187378,0.3511795997619629,0.1817401647567749,0.5450059771537781,0.44621914625167847,0.09878683090209961,0.012086212635040283,0.09503954648971558,-0.08295333385467529
103,test,103,Журнал аудита показывает неправильное время.,"Понимаю Ваше недоумение. Проверьте часовой пояс рабочей области и устройства. Сообщите пример события и отображаемое время, чтобы мы проверили настройки.",У Вас неправильный часовой пояс.,0.6192041635513306,0.38625627756118774,0.23294788599014282,0.629849374294281,0.4152688980102539,0.2145804762840271,0.01064521074295044,0.029012620449066162,-0.018367409706115723
104,test,104,Подпись webhook не проходит проверку.,"Понимаю Ваше неудобство. Проверьте секрет, алгоритм подписи и точное содержимое исходного тела запроса. Если проблема сохраняется, пришлите пример заголовков без секретных значений.",Подпись неправильная. Проверьте секрет.,0.6237919330596924,0.486402302980423,0.1373896300792694,0.6484478116035461,0.4889962077140808,0.15945160388946533,0.02465587854385376,0.002593904733657837,0.022061973810195923
105,test,105,Мне нужно временно отключить синхронизацию только для одного проекта.,Понимаю Вашу задачу. Возможность приостановить синхронизацию на уровне отдельного проекта зависит от типа интеграции. Сообщите название интеграции и проект — мы проверим доступные настройки.,"Отключи интеграцию целиком, если отдельный проект нельзя.",0.639978289604187,0.5288664698600769,0.11111181974411011,0.6952012181282043,0.5642522573471069,0.1309489607810974,0.055222928524017334,0.03538578748703003,0.019837141036987305
106,test,106,"Я несколько раз запросил восстановление пароля, и теперь получил сразу пять писем.","Понимаю Ваше неудобство. Используйте только самое последнее письмо для восстановления и не передавайте ссылку или код другим людям. Если после этого письма продолжают приходить, сообщите время запросов — мы проверим отправку уведомлений.","Ты сам пять раз нажал, поэтому пять писем и пришло.",0.6052168607711792,0.4188627004623413,0.1863541603088379,0.558781623840332,0.29753586649894714,0.2612457573413849,-0.04643523693084717,-0.12132683396339417,0.074891597032547
107,test,107,"Мне начислили налог при покупке, хотя в карточке товара цена уже выглядела окончательной.","Понимаю Ваш вопрос — дополнительные начисления перед оплатой действительно должны быть понятны заранее. Сообщите номер заказа и регион доставки, чтобы мы проверили структуру итоговой суммы и причину начисления.",Налоги бывают. Цена в карточке не всегда окончательная.,0.6161996126174927,0.7292170524597168,-0.11301743984222412,0.5730366706848145,0.728257417678833,-0.15522074699401855,-0.04316294193267822,-0.0009596347808837891,-0.042203307151794434
108,test,108,"Документ подписан, но система показывает, что подпись недействительна.","Понимаю Ваше беспокойство. Сообщите номер документа и способ подписания, не передавая секретные ключи. Мы проверим статус подписи и доступную информацию о проверке.",Значит подпись неправильная. Подпишите ещё раз.,0.65682452917099,0.6135717630386353,0.043252766132354736,0.692664623260498,0.5935704112052917,0.0990942120552063,0.03584009408950806,-0.020001351833343506,0.05584144592285156
109,test,109,"Мне нужно временно заблокировать карту, но не закрывать её. Где это сделать?","Понимаю Ваше желание временно ограничить использование карты без полного закрытия. Если функция доступна для Вашей карты, её обычно можно найти в настройках карты в приложении. Если Вы не видите нужной кнопки, сообщите название раздела или текст экрана — мы подскажем, где искать.",Зайди в карту и нажми блокировку. Там всё должно быть.,0.6309580206871033,0.4025200605392456,0.22843796014785767,0.6333875060081482,0.4042843282222748,0.2291031777858734,0.002429485321044922,0.0017642676830291748,0.0006652176380157471
110,test,110,"Экспорт клиентов содержит данные, которых я уже удалил.","Понимаю Ваше беспокойство. Важно проверить, формируется ли экспорт из актуальной базы или из отдельного индекса. Сообщите время удаления и создания экспорта — мы проверим актуальность данных и правила хранения.",Экспорт мог взять старые данные. Подожди обновления.,0.7439640760421753,0.6454004049301147,0.09856367111206055,0.7889207005500793,0.6995904445648193,0.08933025598526001,0.04495662450790405,0.05419003963470459,-0.009233415126800537
111,test,111,Автоматическое правило назначает сотрудникам неправильную роль.,"Понимаю Ваше беспокойство — неправильное автоматическое назначение может повлиять на доступ. Временно приостановите правило, если это безопасно, и сообщите его условие и пример пользователя. Мы проверим логику срабатывания.",Правило настроено неправильно. Исправь условие.,0.5986533164978027,0.46415719389915466,0.13449612259864807,0.6610561013221741,0.4784145653247833,0.18264153599739075,0.06240278482437134,0.014257371425628662,0.048145413398742676
112,test,112,После обновления интеграции изменилась структура импортируемых данных.,"Понимаю Ваше беспокойство — изменение структуры данных может повлиять на процессы, которые используют импорт. Сообщите версию интеграции и пример поля, которое изменилось. Мы проверим документацию и совместимость текущей схемы.",Обновление изменило поля. Исправь свой импорт.,0.8408617973327637,0.6077712774276733,0.23309051990509033,0.8385377526283264,0.6281225085258484,0.21041524410247803,-0.002324044704437256,0.02035123109817505,-0.022675275802612305
113,test,113,"Не могу загрузить документ размером 20 МБ, хотя в тарифе написано, что лимит больше.","Понимаю Ваше недоумение — если размер файла укладывается в заявленный лимит, ошибка требует проверки. Сообщите формат файла, его точный размер и текст ошибки. Мы проверим дополнительные ограничения, которые могут действовать для этого типа документа.",20 МБ должно загружаться. Попробуй ещё раз.,0.6317652463912964,0.39666396379470825,0.23510128259658813,0.7074562311172485,0.4886414110660553,0.21881482005119324,0.07569098472595215,0.09197744727134705,-0.016286462545394897
114,test,114,"Вебинар начался, но я вижу только заставку и не слышу ведущего.","Понимаю Ваше неудобство — особенно если мероприятие уже началось. Проверьте громкость устройства и выбранный аудиоканал, а затем попробуйте переподключиться. Если проблема сохраняется, сообщите устройство и браузер, чтобы мы проверили подключение к трансляции.","Перезайди в вебинар. Наверное, интернет тормозит.",0.6533142924308777,0.6924419403076172,-0.0391276478767395,0.7272456884384155,0.6500285863876343,0.07721710205078125,0.07393139600753784,-0.04241335391998291,0.11634474992752075
115,test,115,"У нас резко выросло количество API-запросов, хотя код мы не меняли.","Понимаю Ваше беспокойство — неожиданное увеличение нагрузки важно проверить, особенно если изменений в коде не было. Сообщите рабочую область и примерный период роста запросов. Мы поможем определить, какие endpoints создают основную нагрузку.",Значит какой-то код начал слать больше запросов. Проверь логи.,0.6822221279144287,0.6117512583732605,0.07047086954116821,0.7000401020050049,0.6060922145843506,0.0939478874206543,0.017817974090576172,-0.005659043788909912,0.023477017879486084
116,test,116,"Счёт уже оплачен, но напоминания об оплате продолжают приходить клиенту.",Понимаю Ваше беспокойство — после оплаты клиент действительно не должен получать напоминания без необходимости. Сообщите номер счёта и дату оплаты. Мы проверим синхронизацию платежа и состояние автоматических уведомлений.,Напоминания сами прекратятся. Просто игнорируйте их.,0.7824462652206421,0.3213186264038086,0.4611276388168335,0.7623530626296997,0.25329869985580444,0.5090543627738953,-0.020093202590942383,-0.06801992654800415,0.04792672395706177
117,test,117,"Новая карта пришла, но я не могу её активировать.","Понимаю Ваше неудобство. Сообщите, на каком шаге активации возникает ошибка и её точный текст. Мы проверим статус карты и подскажем дальнейшие действия.","Если не активируется, попробуйте ещё раз.",0.5427616238594055,0.24575760960578918,0.29700401425361633,0.5667594075202942,0.33005043864250183,0.23670896887779236,0.023997783660888672,0.08429282903671265,-0.060295045375823975
118,test,118,Видеозвонок не запускается из браузера.,"Понимаю Ваше неудобство. Сообщите браузер, устройство и текст ошибки. Мы проверим разрешения камеры и микрофона и возможные ограничения браузера.",Браузер не поддерживает звонок. Используйте другой.,0.6443436145782471,0.41643786430358887,0.2279057502746582,0.5950149893760681,0.38926875591278076,0.20574623346328735,-0.049328625202178955,-0.027169108390808105,-0.02215951681137085
119,test,119,Курьер позвонил один раз и сразу отметил заказ как недоставленный.,"Понимаю Ваше недовольство. Сообщите номер заказа и время звонка, чтобы мы проверили детали попытки доставки и возможность повторной доставки.","Наверное, курьер не дозвонился. Ждите следующую попытку.",0.720838189125061,0.6118822693824768,0.10895591974258423,0.7140531539916992,0.5099848508834839,0.20406830310821533,-0.006785035133361816,-0.10189741849899292,0.0951123833656311
120,test,120,"Я не могу подтвердить перевод, потому что код из SMS приходит уже после истечения срока.","Понимаю Ваше раздражение — просроченный код действительно не позволяет завершить операцию. Сообщите модель телефона и оператора связи, а также примерное время задержки. Мы проверим доставку кодов и подскажем доступные варианты.","Код приходит поздно, значит оператор тормозит. Попробуй ещё.",0.5936040878295898,0.5205991268157959,0.07300496101379395,0.5793107151985168,0.5075516104698181,0.07175910472869873,-0.014293372631072998,-0.013047516345977783,-0.0012458562850952148
121,test,121,Мне прислали обувь на два размера меньше.,"Приносим извинения за ошибку с размером. Сообщите номер заказа и приложите фотографию полученной пары, чтобы мы помогли оформить обмен или возврат.",Вам прислали не тот размер. Делайте возврат.,0.4694678783416748,0.4870438873767853,-0.017576009035110474,0.48317641019821167,0.4477970600128174,0.03537935018539429,0.013708531856536865,-0.039246827363967896,0.05295535922050476
122,test,122,Почему мой номер телефона не подходит для регистрации? Он обычный и рабочий.,"Понимаю Ваше недоумение — если номер действующий, отказ при регистрации действительно требует пояснения. Сообщите код страны, оператора и текст ошибки, не передавая код подтверждения. Мы проверим требования к номерам и возможную причину отказа.",Некоторые номера не подходят. Возьми другой.,0.716893196105957,0.40527698397636414,0.3116162121295929,0.6843909025192261,0.3514038324356079,0.33298707008361816,-0.03250229358673096,-0.053873151540756226,0.02137085795402527
123,test,123,Не могу отменить заказ через приложение.,"Понимаю Ваше неудобство. Возможность отмены зависит от этапа обработки. Сообщите номер заказа и текст ошибки — мы проверим, можно ли отменить его другим способом.","Если кнопка не работает, значит отменить уже нельзя.",0.5319177508354187,0.13053078949451447,0.40138696134090424,0.5619394183158875,0.18652409315109253,0.3754153251647949,0.03002166748046875,0.055993303656578064,-0.025971636176109314
124,test,124,"Поиск перестал находить документы, которые точно есть в рабочей области.","Понимаю, насколько это мешает работе, особенно если документы физически доступны, но не находятся через поиск. Сообщите название одного из таких документов и пример поискового запроса. Мы проверим индексацию и права доступа.",Поиск иногда не работает. Попробуй написать название точнее.,0.6978080868721008,0.41079360246658325,0.2870144844055176,0.7610911726951599,0.43961387872695923,0.3214772939682007,0.06328308582305908,0.028820276260375977,0.034462809562683105
125,test,125,"Запись вебинара должна быть доступна, но ссылка показывает ошибку доступа.","Понимаю Ваше недовольство — особенно если Вы рассчитывали посмотреть запись после мероприятия. Сообщите название вебинара и адрес аккаунта, с которого Вы входите. Мы проверим права доступа и статус записи.",У тебя нет доступа. Попроси организатора.,0.46025556325912476,0.30042991042137146,0.1598256528377533,0.46402955055236816,0.31457141041755676,0.1494581401348114,0.003773987293243408,0.014141499996185303,-0.010367512702941895
126,test,126,"Мне нужно ограничить интеграцию только чтением, но она запрашивает полный доступ.","Понимаю Ваше беспокойство — принцип минимальных необходимых прав действительно важен. Сообщите название интеграции и запрашиваемые разрешения. Мы проверим, предусмотрен ли режим только для чтения и какие права действительно необходимы.",Интеграции всегда просят полный доступ. Разрешай.,0.6768742203712463,0.4571916460990906,0.21968257427215576,0.7040672302246094,0.4803711175918579,0.22369611263275146,0.027193009853363037,0.023179471492767334,0.004013538360595703
127,test,127,С меня взяли комиссию за снятие наличных.,"Понимаю Ваш вопрос. Размер комиссии зависит от типа карты, банкомата и условий тарифа. Сообщите дату, сумму и банк, которому принадлежит банкомат, чтобы мы проверили применённую комиссию.",Банкоматы берут комиссию. Читайте тариф.,0.7351540327072144,0.6766231656074524,0.05853086709976196,0.7890565395355225,0.721095860004425,0.06796067953109741,0.053902506828308105,0.044472694396972656,0.00942981243133545
128,test,128,После изменения роли пользователя доступ к проекту не изменился.,"Понимаю Ваше беспокойство: после изменения роли ожидается соответствующее обновление доступа. Сообщите пользователя, проект и тип назначенной роли, не передавая пароль. Мы проверим наследование прав и время применения изменения.",Пусть выйдет и войдёт снова. Права должны обновиться.,0.7329068183898926,0.37576669454574585,0.35714012384414673,0.7712911367416382,0.4150659441947937,0.3562251925468445,0.038384318351745605,0.03929924964904785,-0.0009149312973022461
129,test,129,В календаре появились дубликаты встреч.,Понимаю Ваше неудобство. Сообщите название интеграции и пример повторяющейся встречи. Мы проверим настройки синхронизации и возможную причину дубликатов.,Календарь продублировал встречи. Удалите лишние.,0.7030965089797974,0.5226637125015259,0.18043279647827148,0.6951432228088379,0.5599421262741089,0.135201096534729,-0.007953286170959473,0.03727841377258301,-0.04523169994354248
130,test,130,"Не могу добавить новую валюту в счёт, хотя тариф вроде её поддерживает.","Понимаю Ваше неудобство. Давайте проверим, поддерживает ли выбранный тариф нужную валюту именно для этого типа счёта и какие настройки могут ограничивать её добавление. Сообщите рабочую область и валюту, которую Вы хотите добавить.","Если не добавляется, значит валюта не поддерживается.",0.7581560015678406,0.5840132236480713,0.1741427779197693,0.6007291078567505,0.5986071228981018,0.0021219849586486816,-0.1574268937110901,0.014593899250030518,-0.1720207929611206
131,test,131,"Я получил только часть заказа, хотя в накладной указаны все позиции.","Понимаю Ваше беспокойство — если часть товаров отсутствует, необходимо проверить комплектацию отправления. Сообщите номер заказа и перечислите недостающие позиции. Мы сверим данные комплектации и подскажем, будет ли отдельная доставка или требуется оформить обращение.","Наверное, остальные товары придут отдельно. Подожди.",0.7186419367790222,0.44183528423309326,0.27680665254592896,0.8038718700408936,0.5045486688613892,0.2993232011795044,0.08522993326187134,0.0627133846282959,0.02251654863357544
132,test,132,После восстановления проекта часть настроек пропала.,"Понимаю Ваше беспокойство — восстановление должно максимально полно возвращать рабочее состояние проекта. Сообщите название проекта, дату удаления и какие именно настройки отсутствуют. Мы проверим историю восстановления и возможные ограничения.",При восстановлении не всё возвращается. Настрой заново.,0.7107131481170654,0.4539870619773865,0.25672608613967896,0.7110066413879395,0.494299054145813,0.21670758724212646,0.00029349327087402344,0.040311992168426514,-0.04001849889755249
133,test,133,"Мне нужно восстановить только один файл из резервной копии, а система предлагает восстановить весь проект.","Понимаю Вашу задачу — полное восстановление действительно неудобно, если нужен только один файл. Сообщите тип резервной копии и название файла. Мы проверим, доступно ли выборочное восстановление или другой безопасный способ получить файл.","Если только весь проект, восстанавливай весь проект.",0.7079616785049438,0.4188980460166931,0.28906363248825073,0.7008324861526489,0.412713885307312,0.2881186008453369,-0.007129192352294922,-0.0061841607093811035,-0.0009450316429138184
134,test,134,"Мне отказали в споре, но я считаю решение неправильным.","Понимаю Ваше недовольство. Сообщите номер спора и документы или фотографии, которые Вы предоставляли. Мы проверим доступные основания для пересмотра и дальнейший порядок обращения.","Если спор закрыли, значит решение окончательное.",0.6814257502555847,0.4615325331687927,0.219893217086792,0.6288572549819946,0.45120519399642944,0.17765206098556519,-0.05256849527359009,-0.010327339172363281,-0.04224115610122681
135,test,135,Мне нужно восстановить доступ сотруднику после блокировки.,"Понимаю Вашу задачу. Сообщите рабочую область, пользователя и причину блокировки, если она известна. Мы проверим статус и доступный способ восстановления.",Разблокируйте его в настройках.,0.7341548204421997,0.38739657402038574,0.34675824642181396,0.7004220485687256,0.4289700388908386,0.27145200967788696,-0.03373277187347412,0.04157346487045288,-0.075306236743927
136,test,136,"Домен подтверждён, но сотрудники всё равно не могут войти через SSO.","Понимаю, насколько это мешает команде. Сообщите провайдера SSO, текст ошибки и рабочую область. Мы проверим конфигурацию и параметры входа.",SSO настроен неправильно. Проверьте настройки.,0.5341184139251709,0.4557144045829773,0.0784040093421936,0.6181153059005737,0.5795520544052124,0.03856325149536133,0.08399689197540283,0.12383764982223511,-0.039840757846832275
137,test,137,После отключения интеграции данные всё равно продолжают поступать.,"Понимаю Ваше беспокойство — после отключения новые данные действительно требуют проверки. Сообщите время отключения и пример поступившего события. Мы проверим, не обрабатываются ли ещё ранее поставленные в очередь события.","Наверное, старые события ещё идут. Подожди.",0.6464499235153198,0.28767645359039307,0.35877346992492676,0.653152585029602,0.29782700538635254,0.3553255796432495,0.0067026615142822266,0.010150551795959473,-0.003447890281677246
138,test,138,"Мне ответили на английском, хотя я обращался на русском.","Приносим извинения за неудобство. Мы продолжим общение на русском языке. Сообщите номер обращения, чтобы мы могли учесть предыдущую переписку.",Система сама выбирает язык. Переведите ответ.,0.6233464479446411,0.4949251413345337,0.12842130661010742,0.6180088520050049,0.4548443555831909,0.16316449642181396,-0.0053375959396362305,-0.04008078575134277,0.03474318981170654
139,test,139,С меня дважды списали оплату за один заказ.,Понимаю Ваше беспокойство — двойное списание требует проверки. Сообщите номер заказа и даты операций; полные данные карты отправлять не нужно.,"Наверное, Вы два раза оплатили. Ждите, может одна сумма вернётся.",0.7019498348236084,0.6398688554763794,0.062080979347229004,0.595252275466919,0.6365025043487549,-0.04125022888183594,-0.10669755935668945,-0.0033663511276245117,-0.10333120822906494
140,test,140,После удаления клиента он всё ещё учитывается в статистике.,"Понимаю Ваш вопрос. Исторические данные могут продолжать учитывать операции удалённого клиента, даже если его профиль больше не активен. Сообщите название отчёта и период — мы уточним правила формирования статистики.",Удаление клиента не удаляет его старые продажи. Это нормально.,0.6548938751220703,0.4165669083595276,0.23832696676254272,0.686064600944519,0.42774274945259094,0.2583218514919281,0.03117072582244873,0.011175841093063354,0.019994884729385376
141,test,141,"Я отменил подписку через магазин приложений, но сервис всё ещё показывает её активной.","Понимаю Ваше беспокойство — после отмены подписки статус действительно должен быть понятен. Сообщите платформу, дату отмены и текущий статус подписки. Мы проверим синхронизацию данных между магазином и сервисом.",Магазин не сразу обновляет статус. Подожди.,0.6133285760879517,0.35845649242401123,0.25487208366394043,0.6629665493965149,0.4282219111919403,0.23474463820457458,0.04963797330856323,0.06976541876792908,-0.020127445459365845
142,test,142,"Я не могу принять приглашение в рабочую область: ссылка говорит, что приглашение недействительно.","Понимаю Ваше неудобство — если приглашение действительно новое, сообщение о недействительности требует проверки. Сообщите адрес рабочей области и дату получения приглашения, не пересылая саму ссылку публично. Мы проверим срок действия и статус приглашения.",Попроси администратора отправить новое приглашение.,0.6767168045043945,0.5617439150810242,0.11497288942337036,0.4781230092048645,0.39745181798934937,0.08067119121551514,-0.19859379529953003,-0.1642920970916748,-0.034301698207855225
143,test,143,Пополнение прошло дважды.,"Понимаю Ваше беспокойство — двойное зачисление или списание действительно нужно проверить. Сообщите даты и суммы обеих операций, не передавая полные реквизиты карты.","Вы два раза пополнили. Одна сумма, наверное, вернётся.",0.6769581437110901,0.6846200823783875,-0.007661938667297363,0.6057428121566772,0.644119381904602,-0.038376569747924805,-0.07121533155441284,-0.0405007004737854,-0.03071463108062744
144,test,144,"Я изменил название проекта, но в некоторых местах всё ещё отображается старое.","Понимаю Ваше недоумение — после переименования ожидается единообразное отображение. Сообщите название проекта и где именно сохраняется старое имя. Мы проверим, связано ли это с кэшем, историческими данными или отдельным полем.",Старое название просто ещё не обновилось. Подожди.,0.7069447040557861,0.37807387113571167,0.32887083292007446,0.7664635181427002,0.5550484657287598,0.21141505241394043,0.05951881408691406,0.1769745945930481,-0.11745578050613403
145,test,145,Интеграция с CRM создаёт дубликаты контактов.,"Понимаю Ваше беспокойство — дубликаты могут повлиять на качество клиентских данных. Сообщите тип интеграции и пример контакта, который дублируется. Мы проверим правила сопоставления.",CRM создаёт дубли. Удалите их вручную.,0.6389127969741821,0.6625391244888306,-0.023626327514648438,0.6411823034286499,0.6696615815162659,-0.028479278087615967,0.0022695064544677734,0.007122457027435303,-0.004852950572967529
146,test,146,"Почему платёж по карте отображается дважды, хотя я покупку совершил один раз?","Понимаю Ваше беспокойство — двойное отображение операции действительно может выглядеть как повторное списание. Сообщите дату, сумму и название операции. Мы проверим, является ли одна запись временной авторизацией или действительно произошло двойное списание.","Скорее всего, банк показал платёж два раза. Подожди, один исчезнет.",0.5180378556251526,0.6418749094009399,-0.12383705377578735,0.5355121493339539,0.6872950196266174,-0.15178287029266357,0.01747429370880127,0.04542011022567749,-0.02794581651687622
147,test,147,"Счёт за месяц оказался выше обычного, хотя тариф не менялся.","Понимаю Ваш вопрос — неожиданное увеличение суммы действительно требует пояснения. Сообщите номер счёта и период, и мы проверим начисления, дополнительные услуги и изменения тарификации.","Наверное, Вы больше пользовались сервисом. Посмотрите счёт.",0.7170639038085938,0.5754367709159851,0.14162713289260864,0.7754895687103271,0.7019575834274292,0.07353198528289795,0.0584256649017334,0.1265208125114441,-0.0680951476097107
148,test,148,"Не могу добавить сотрудника: система говорит, что лимит пользователей достигнут.","Понимаю, что это мешает работе команды. Сообщите текущий тариф и название рабочей области, чтобы мы проверили фактический лимит и количество занятых мест.",Лимит закончился. Удалите кого-нибудь или купите новый тариф.,0.5518094301223755,0.462445467710495,0.0893639624118805,0.6035863161087036,0.37399256229400635,0.22959375381469727,0.051776885986328125,-0.08845290541648865,0.14022979140281677
149,test,149,"Не могу понять, настоящий ли сайт, на котором меня просят войти.","Понимаю Вашу осторожность — при вводе данных важно убедиться, что сайт официальный. Не вводите пароль, пока не проверите адрес через официальный сайт или приложение. Если пришлёте доменное имя без личных данных, мы поможем проверить его.","Если сомневаетесь, не заходите. Сами проверьте адрес.",0.6092298030853271,0.3378971815109253,0.27133262157440186,0.6335551738739014,0.41174665093421936,0.221808522939682,0.02432537078857422,0.07384946942329407,-0.04952409863471985
150,test,150,Не могу добавить новый автоплатёж.,"Понимаю Ваше неудобство. Сообщите тип платежа, поставщика и текст ошибки. Мы проверим доступность функции и условия её настройки.","Если не добавляется, значит поставщик не поддерживается.",0.5998285412788391,0.3191263675689697,0.2807021737098694,0.6889647245407104,0.3233044743537903,0.36566025018692017,0.08913618326187134,0.004178106784820557,0.08495807647705078
151,test,151,"Не понимаю, за что каждый месяц списывается небольшая сумма.","Понимаю Ваше беспокойство из-за непонятного регулярного платежа. Сообщите дату, сумму и назначение операции из выписки, скрыв полные реквизиты карты, — мы проверим возможный источник.","Наверное, это подписка. Посмотрите сами.",0.571465790271759,0.31560367345809937,0.25586211681365967,0.6623100638389587,0.3166084289550781,0.3457016348838806,0.09084427356719971,0.0010047554969787598,0.08983951807022095
152,test,152,"Отчёт приходит дважды каждое утро, хотя расписание создано один раз.",Понимаю Ваше раздражение — дублирующие отчёты действительно создают лишние уведомления. Сообщите название отчёта и время двух отправок. Мы проверим расписание и историю автоматических заданий.,"Наверное, отчёт настроен два раза. Удали один.",0.6149076819419861,0.42989492416381836,0.18501275777816772,0.778675377368927,0.579845130443573,0.198830246925354,0.16376769542694092,0.14995020627975464,0.01381748914718628
153,test,153,"Не могу создать API-токен, кнопка недоступна.","Понимаю Ваше неудобство. Возможность создания токенов может зависеть от роли и тарифа. Сообщите рабочую область и роль пользователя, чтобы мы проверили доступ.",У Вас нет прав. Попросите администратора.,0.39222288131713867,0.22270601987838745,0.16951686143875122,0.40252429246902466,0.14091764390468597,0.2616066485643387,0.010301411151885986,-0.08178837597370148,0.09208978712558746
154,test,154,Не могу настроить двухфакторную авторизацию через приложение-аутентификатор. Код постоянно не подходит.,"Понимаю, как неприятно столкнуться с такой проблемой при настройке защиты аккаунта. Проверьте, что на устройстве установлены правильные дата и время и что используется актуальный код из приложения. Если ошибка сохраняется, сообщите текст уведомления и тип используемого приложения-аутентификатора без передачи самого кода.",Код неправильный. Синхронизируй время и попробуй ещё.,0.5008276700973511,0.08497212827205658,0.4158555418252945,0.667910099029541,0.3738085627555847,0.2941015362739563,0.16708242893218994,0.28883643448352814,-0.1217540055513382
155,test,155,Нам нужно несколько пользователей с разными ролями.,"Понимаю Вашу задачу. Сообщите количество пользователей и необходимые роли. Мы проверим, какие права доступны в Вашем тарифе и как их настроить.",Создайте пользователей и назначьте роли сами.,0.6884490251541138,0.6404972076416016,0.04795181751251221,0.692409873008728,0.6527862548828125,0.03962361812591553,0.003960847854614258,0.012289047241210938,-0.00832819938659668
156,test,156,Приложение не поддерживает мою старую версию операционной системы.,"Понимаю, что это может быть неудобно. Сообщите модель устройства и версию операционной системы. Мы проверим минимальные требования и доступные альтернативы.",Старая система не поддерживается. Купите новый телефон.,0.4710351824760437,0.5171465873718262,-0.04611140489578247,0.45532721281051636,0.5156502723693848,-0.06032305955886841,-0.015707969665527344,-0.0014963150024414062,-0.014211654663085938
157,test,157,Интеграция с почтой не импортирует новые письма.,"Понимаю, насколько это мешает работе. Сообщите тип почтового сервиса и время последнего успешного импорта. Мы проверим подключение и разрешения.",Почта не синхронизируется. Переподключите её.,0.5474365949630737,0.5564252734184265,-0.008988678455352783,0.5585129261016846,0.5325342416763306,0.025978684425354004,0.01107633113861084,-0.023891031742095947,0.03496736288070679
158,test,158,Бывший сотрудник всё ещё получает уведомления.,"Понимаю Ваше беспокойство. Сообщите его роль и тип уведомлений, которые продолжают поступать. Мы проверим активные подписки, права и контактные настройки.",Удалите его email из системы.,0.5919458866119385,0.32442620396614075,0.26751968264579773,0.6435317397117615,0.3508912920951843,0.29264044761657715,0.051585853099823,0.02646508812904358,0.02512076497077942
159,test,159,"Мне нужно посмотреть, кто скачивал документы из рабочей области.","Понимаю Вашу задачу. Информация о скачиваниях может быть доступна в журнале аудита в зависимости от тарифа и типа документа. Сообщите рабочую область и период, который Вас интересует, и мы подскажем, где проверить эти действия.","Смотри аудит. Если там нет, значит никак.",0.5638247728347778,0.2303696572780609,0.3334551155567169,0.5253992676734924,0.21891140937805176,0.3064878582954407,-0.0384255051612854,-0.011458247900009155,-0.026967257261276245
160,test,160,Я не могу снять ограничение на онлайн-покупки с карты.,"Понимаю Ваше неудобство. Ограничение на онлайн-операции может быть установлено для дополнительной безопасности, поэтому важно сначала проверить его статус. Обратитесь через официальный канал банка или сообщите текст ошибки, чтобы мы могли уточнить доступный способ изменения настройки.","В настройках карты убери ограничение. Если не получается, звони.",0.644051194190979,0.5963997840881348,0.04765141010284424,0.7703046798706055,0.5073055028915405,0.26299917697906494,0.12625348567962646,-0.08909428119659424,0.2153477668762207
161,test,161,Мне нужен чек на другую почту.,"Понимаю. Мы проверим, можно ли повторно отправить документ на другой адрес. Сообщите номер операции и новый адрес через защищённый канал.","Перешлите чек сами, если он у Вас есть.",0.5295431613922119,0.5837627649307251,-0.054219603538513184,0.47847414016723633,0.5542857646942139,-0.07581162452697754,-0.051069021224975586,-0.02947700023651123,-0.021592020988464355
162,test,162,"Ссылка для сброса пароля говорит, что срок действия истёк.","Понимаю, что это мешает восстановить доступ. Запросите новое письмо для сброса и используйте самую последнюю ссылку. Если ошибка повторится, сообщите время запроса — мы проверим ситуацию.",Ссылка просрочена. Получите новую.,0.5742058157920837,0.3759809732437134,0.19822484254837036,0.6314480304718018,0.4158470630645752,0.21560096740722656,0.05724221467971802,0.039866089820861816,0.0173761248588562
163,test,163,"Я удалил товар из корзины, но он всё равно появляется там после перезагрузки.","Понимаю, насколько неудобно, когда корзина не сохраняет внесённые изменения. Попробуйте выйти из аккаунта и войти снова. Если товар продолжит появляться, сообщите устройство и браузер — мы проверим проблему синхронизации корзины.",Очисти корзину ещё раз. Иногда она тупит.,0.4251304566860199,0.2809659242630005,0.1441645324230194,0.4739270508289337,0.17589488625526428,0.29803216457366943,0.04879659414291382,-0.1050710380077362,0.15386763215065002
164,test,164,"Я дал клиенту доступ только на просмотр, но он почему-то может редактировать файл.","Понимаю Ваше беспокойство — права просмотра не должны позволять редактирование. Не меняйте файл до проверки, чтобы сохранить текущую конфигурацию. Сообщите тип документа и пользователя, которому предоставлен доступ, — мы проверим наследуемые права.",Значит у клиента есть права редактора. Убери их.,0.687407374382019,0.4231920838356018,0.26421529054641724,0.662710428237915,0.41859203577041626,0.24411839246749878,-0.024696946144104004,-0.004600048065185547,-0.020096898078918457
165,test,165,"Оплата мобильной связи списалась, но баланс телефона не пополнился.","Понимаю Ваше беспокойство. Сообщите номер операции, дату, сумму и оператора связи. Мы проверим статус платежа и его передачу оператору.","Подождите, оператор ещё не зачислил деньги.",0.4808616638183594,0.3358614444732666,0.14500021934509277,0.5599821209907532,0.39258766174316406,0.1673944592475891,0.0791204571723938,0.05672621726989746,0.022394239902496338
166,test,166,Автоматизация запускается дважды на одного клиента.,Понимаю Ваше беспокойство — двойной запуск может привести к повторным письмам или другим нежелательным действиям. Сообщите идентификатор события и время двух запусков без персональных данных. Мы проверим условие запуска и повторную обработку события.,Поставь защиту от дублей. Автоматизация может срабатывать несколько раз.,0.6729761362075806,0.6617292165756226,0.011246919631958008,0.5617514848709106,0.5349763631820679,0.026775121688842773,-0.11122465133666992,-0.1267528533935547,0.015528202056884766
167,test,167,"Я хочу досрочно погасить кредит, но сумма в приложении кажется выше ожидаемой.","Понимаю Ваш вопрос: при досрочном погашении важно заранее понимать точную сумму закрытия. Сообщите номер договора и дату, на которую Вы планируете погашение. Мы проверим расчёт и состав суммы, не требуя передачи лишних персональных данных.",Проценты ещё начисляются. Поэтому сумма больше.,0.61647629737854,0.3100275993347168,0.30644869804382324,0.6397358179092407,0.434320867061615,0.20541495084762573,0.023259520530700684,0.1242932677268982,-0.10103374719619751
168,test,168,Я хочу поменять адрес электронной почты в аккаунте.,"Конечно. Чтобы мы подсказали корректный порядок изменения адреса, сообщите, есть ли у Вас доступ к текущей почте. В зависимости от ситуации может потребоваться дополнительное подтверждение личности.","Просто поменяйте почту в настройках, если кнопка есть.",0.5645659565925598,0.5910415649414062,-0.026475608348846436,0.5686028003692627,0.5969266295433044,-0.028323829174041748,0.004036843776702881,0.005885064601898193,-0.0018482208251953125
169,test,169,"Сотрудник принял приглашение, но доступа к рабочей области у него нет.","Понимаю, что отсутствие доступа мешает работе команды. Сообщите адрес рабочей области и пользователя, который не может войти, без пароля — мы проверим статус приглашения и права.","Пусть выйдет и зайдёт ещё раз. Наверное, поможет.",0.6692333817481995,0.17449119687080383,0.49474218487739563,0.6699384450912476,0.2156268060207367,0.45431163907051086,0.0007050633430480957,0.04113560914993286,-0.040430545806884766
170,test,170,"Доставка показывает один адрес, хотя я указал другой.","Понимаю Ваше беспокойство — важно убедиться, что заказ поедет по правильному адресу. Сообщите номер заказа и укажите, какой адрес отображается сейчас. Мы проверим данные доставки.","Если адрес неправильный, меняйте его сами в приложении.",0.7974610328674316,0.43339410424232483,0.3640669286251068,0.7450552582740784,0.49679437279701233,0.24826088547706604,-0.05240577459335327,0.0634002685546875,-0.11580604314804077
171,test,171,"В хранилище закончилось место, хотя тариф у нас оплаченный.","Понимаю Ваше недовольство. Давайте проверим фактическое использование хранилища и лимит, предусмотренный тарифом. Сообщите название рабочей области, и мы уточним доступный объём.",Места нет — значит лимит закончился. Удаляйте файлы или покупайте больше.,0.572563886642456,0.631942629814148,-0.059378743171691895,0.6634516716003418,0.5631027221679688,0.10034894943237305,0.09088778495788574,-0.0688399076461792,0.15972769260406494
172,test,172,"Мне пришло уведомление о снятии наличных, но я сегодня вообще не пользовался банкоматом.","Понимаю Ваше беспокойство — незнакомая операция со снятием наличных требует срочной проверки. Не сообщайте никому коды подтверждения и немедленно свяжитесь с банком через официальный канал. Подготовьте дату, время и сумму операции, чтобы банк мог её идентифицировать.","Если это не Вы, значит кто-то снял деньги. Звони в банк.",0.7733170986175537,0.6173909306526184,0.1559261679649353,0.7711403369903564,0.6234683990478516,0.14767193794250488,-0.0021767616271972656,0.006077468395233154,-0.00825423002243042
173,test,173,Не могу ограничить сотруднику доступ к финансовым данным.,"Понимаю, насколько важно корректно разделить доступ. Сообщите название рабочей области и роль сотрудника. Мы проверим доступные разрешения и настройки безопасности.",Уберите сотрудника из рабочей области.,0.6969752311706543,0.31837910413742065,0.37859612703323364,0.6709362864494324,0.24490459263324738,0.426031693816185,-0.026038944721221924,-0.07347451150417328,0.047435566782951355
174,test,174,"Срок хранения заказа заканчивается, но я не могу приехать вовремя.","Понимаю Вашу ситуацию. Сообщите номер заказа и дату окончания хранения, чтобы мы проверили, можно ли продлить срок или изменить способ получения.","Если не успеваете, заказ вернут.",0.7373337745666504,0.6837456226348877,0.053588151931762695,0.7826849222183228,0.6355981826782227,0.1470867395401001,0.04535114765167236,-0.04814743995666504,0.0934985876083374
175,test,175,Я не получил ответа на обращение по электронной почте.,"Понимаю Ваше беспокойство. Сообщите номер обращения и адрес электронной почты, с которого оно было отправлено. Мы проверим историю ответа и статус обращения.","Ответ, наверное, попал в спам. Проверьте почту.",0.6358897686004639,0.5715619921684265,0.06432777643203735,0.6486102342605591,0.5868935585021973,0.061716675758361816,0.012720465660095215,0.015331566333770752,-0.002611100673675537
176,test,176,"Система не принимает CSV, хотя раньше такие файлы загружались.","Понимаю, что изменение поведения загрузки после предыдущей успешной работы вызывает вопросы. Пришлите пример структуры файла без конфиденциальных данных и текст ошибки — мы проверим формат и импорт.","CSV, наверное, неправильный. Сделайте новый файл.",0.5142951011657715,0.7335923910140991,-0.21929728984832764,0.5482499599456787,0.7298227548599243,-0.1815727949142456,0.03395485877990723,-0.0037696361541748047,0.03772449493408203
177,test,177,Я не согласен с новой ценой подписки.,"Понимаю Ваше недовольство изменением стоимости. Сообщите название тарифа и дату уведомления, чтобы мы уточнили применяемые условия и доступные варианты.","Цена изменилась, ничего не поделать.",0.6974008083343506,0.4558250308036804,0.24157577753067017,0.7597342729568481,0.48287054896354675,0.2768637239933014,0.06233346462249756,0.027045518159866333,0.035287946462631226
178,test,178,Не могу найти настройку уведомлений.,"Понимаю Ваше затруднение. Сообщите версию приложения и устройство, и мы подскажем, где находится нужная настройка.",Настройки находятся в меню. Поищите.,0.5735747218132019,0.3985505700111389,0.175024151802063,0.5453485250473022,0.3217344880104065,0.22361403703689575,-0.028226196765899658,-0.07681608200073242,0.048589885234832764
179,test,179,Сервис неправильно определяет язык разговора.,"Понимаю Ваше неудобство. Сообщите язык встречи и рабочую область, чтобы мы проверили настройки распознавания и поддерживаемые языки.",Сервис ошибся с языком. Выберите правильный вручную.,0.5936400294303894,0.5339157581329346,0.059724271297454834,0.682660698890686,0.5126211643218994,0.17003953456878662,0.08902066946029663,-0.021294593811035156,0.11031526327133179
180,test,180,"Мне пришёл товар другого бренда, хотя модель и артикул в заказе были совершенно другие.","Приносим извинения за ошибку при комплектации. Понимаю Ваше недовольство: Вы заказывали конкретную модель и получили другую. Пришлите номер заказа и фотографии товара и упаковки, чтобы мы могли быстро оформить проверку и предложить замену или возврат.",На складе перепутали. Возвращай товар.,0.7375034689903259,0.48364242911338806,0.25386103987693787,0.6953539848327637,0.5686115026473999,0.12674248218536377,-0.042149484157562256,0.08496907353401184,-0.1271185576915741
181,test,181,"Я выбрал доставку в субботу, а система автоматически перенесла её на понедельник.","Понимаю Ваше недовольство — если Вы рассчитывали получить заказ в субботу, перенос даты действительно неудобен. Сообщите номер заказа, и мы проверим причину изменения и доступные варианты доставки раньше.","Система сама перенесла. Значит, в субботу нельзя.",0.7577548027038574,0.48474442958831787,0.27301037311553955,0.7345820665359497,0.46757814288139343,0.2670039236545563,-0.023172736167907715,-0.01716628670692444,-0.006006449460983276
182,test,182,После объединения карточек клиента пропала часть истории обращений.,"Понимаю Ваше беспокойство — история обращений важна для продолжения обслуживания. Сообщите идентификаторы объединённых карточек и пример отсутствующей записи без персональных данных. Мы проверим, как операция объединения обработала историю.",При объединении часть истории могла потеряться. Посмотри старую карточку.,0.6598259210586548,0.4137880802154541,0.24603784084320068,0.696648359298706,0.42928624153137207,0.267362117767334,0.03682243824005127,0.015498161315917969,0.0213242769241333
183,test,183,Не могу найти удалённый проект.,"Понимаю Ваше беспокойство. Проверьте архив и корзину, если они доступны. Сообщите название проекта и примерное время удаления — мы проверим возможные варианты восстановления.","Посмотрите в корзине. Если нет, значит всё потеряно.",0.6085008382797241,0.22208267450332642,0.3864181637763977,0.5046532154083252,0.13051876425743103,0.37413445115089417,-0.10384762287139893,-0.09156391024589539,-0.01228371262550354
184,test,184,Мне заблокировали аккаунт после подозрительной активности.,"Понимаю Ваше беспокойство. Блокировка могла быть установлена в целях защиты аккаунта. Сообщите адрес аккаунта и дату уведомления, чтобы мы проверили статус и доступную процедуру восстановления.","Наверное, система обнаружила что-то подозрительное. Ждите.",0.7475935220718384,0.29961997270584106,0.4479735493659973,0.7529000043869019,0.23171696066856384,0.521183043718338,0.0053064823150634766,-0.06790301203727722,0.0732094943523407
185,test,185,"Мне привезли заказ, но часть товаров отсутствует.","Приносим извинения за неполную комплектацию. Сообщите номер заказа и перечислите отсутствующие позиции. Если возможно, приложите фото упаковки — мы проверим комплектацию и предложим решение.","Наверное, забыли положить. Напишите продавцу.",0.7090340256690979,0.5066324472427368,0.20240157842636108,0.6750866770744324,0.5279306769371033,0.1471560001373291,-0.03394734859466553,0.021298229694366455,-0.05524557828903198
186,test,186,После ротации API-ключей часть интеграций перестала работать.,"Понимаю, насколько критична такая проблема для интеграций. После ротации старые ключи действительно могут перестать действовать, поэтому важно определить, какие подключения ещё используют прежние credentials. Сообщите идентификаторы затронутых интеграций без самих ключей — мы поможем проверить конфигурацию.",После ротации старые ключи не работают. Обнови их везде.,0.6837205290794373,0.6275718808174133,0.056148648262023926,0.6940782070159912,0.6673088669776917,0.02676934003829956,0.010357677936553955,0.03973698616027832,-0.029379308223724365
187,test,187,Не могу настроить автоматическое создание пользователей через SSO.,Понимаю Вашу задачу. Сообщите провайдера SSO и требуемые атрибуты пользователей. Мы проверим поддерживаемую конфигурацию.,Автоматическое создание надо настроить по документации.,0.7047311067581177,0.4650570750236511,0.23967403173446655,0.6165280342102051,0.3376959264278412,0.2788321077823639,-0.0882030725479126,-0.12736114859580994,0.03915807604789734
188,test,188,"Мне нужно получить закрывающие документы за прошлый квартал, но скачать их можно только по одному.","Понимаю, что ручное скачивание большого количества документов может занять много времени. Уточните рабочую область и нужный период, и мы проверим, доступна ли массовая выгрузка или другой удобный способ получить документы.","Скачивай по одному. Если кнопки нет, значит такой функции нет.",0.49954530596733093,0.1673511117696762,0.3321941941976547,0.5295543074607849,0.1210484430193901,0.4085058644413948,0.03000900149345398,-0.0463026687502861,0.07631167024374008
189,test,189,В приложении отображается старый адрес проживания.,"Понимаю Ваше неудобство. Давайте проверим, где именно хранится адрес и доступно ли его изменение онлайн. Сообщите, какой раздел приложения Вы используете.","Измените адрес в настройках. Если нельзя, значит нельзя.",0.6074159145355225,0.5128378868103027,0.09457802772521973,0.5589913725852966,0.5149154663085938,0.04407590627670288,-0.04842454195022583,0.0020775794982910156,-0.050502121448516846
190,test,190,"Аудит-лог не показывает, кто изменил настройки вчера.","Понимаю, насколько важна эта информация для контроля изменений. Сообщите рабочую область, период и конкретную настройку, которая была изменена. Мы проверим доступный журнал аудита и ограничения его хранения.","Если в логе нет, значит узнать уже нельзя.",0.5261528491973877,0.376958429813385,0.14919441938400269,0.6056817770004272,0.4251311719417572,0.18055060505867004,0.07952892780303955,0.04817274212837219,0.03135618567466736
191,test,191,После включения обязательной 2FA сотрудник не может войти.,"Понимаю, что это мешает работе сотрудника. Сообщите его роль и способ двухфакторной аутентификации. Мы проверим, на каком этапе возникает проблема и какие варианты восстановления доступны.",Он должен настроить 2FA. Пусть сделает это.,0.5632829666137695,0.4964173436164856,0.06686562299728394,0.5688909292221069,0.5419216156005859,0.026969313621520996,0.005607962608337402,0.04550427198410034,-0.03989630937576294
192,test,192,"Мне прислали товар другого цвета. Я заказывал чёрный, а получил белый.","Приносим извинения за ошибку при комплектации. Пожалуйста, сообщите номер заказа и приложите фото полученного товара. Мы поможем оформить обмен или возврат.",Вам просто прислали другой цвет. Делайте возврат и заказывайте заново.,0.7274263501167297,0.5344743728637695,0.1929519772529602,0.664772093296051,0.5941054821014404,0.0706666111946106,-0.06265425682067871,0.0596311092376709,-0.12228536605834961
193,test,193,"Сервис создаёт задачи из спама, хотя фильтр должен их исключать.",Понимаю Ваше беспокойство — нежелательные задачи действительно могут засорять рабочий процесс. Сообщите условие фильтра и пример события без конфиденциального содержимого. Мы проверим порядок применения правил.,Фильтр не работает. Сделай его строже.,0.6335528492927551,0.2285715937614441,0.40498125553131104,0.6466701030731201,0.2942402958869934,0.3524298071861267,0.01311725378036499,0.06566870212554932,-0.052551448345184326
194,test,194,"SSL-сертификат для нашего домена истёк, хотя автоматическое продление включено.",Понимаю серьёзность ситуации — недействительный сертификат может сделать сервис недоступным для пользователей. Сообщите домен и время обнаружения проблемы. Мы проверим статус сертификата и автоматического продления и подскажем дальнейшие действия.,Сертификат закончился. Перевыпусти его.,0.639790415763855,0.23486968874931335,0.4049207270145416,0.6553177833557129,0.24516159296035767,0.4101561903953552,0.01552736759185791,0.010291904211044312,0.005235463380813599
195,test,195,"Получил деньги обратно, но сумма меньше первоначальной.","Понимаю Ваш вопрос — расхождение суммы возврата действительно нужно объяснить. Сообщите номер операции, первоначальную сумму и сумму возврата, чтобы мы проверили удержания и условия операции.","Наверное, комиссия. Посмотрите тариф.",0.7909703850746155,0.47981590032577515,0.31115448474884033,0.6977985501289368,0.5028048753738403,0.19499367475509644,-0.09317183494567871,0.022988975048065186,-0.1161608099937439
196,test,196,"Продавец прислал товар, который явно отличается от описания.",Понимаю Ваше разочарование. Сообщите номер заказа и приложите фотографии товара и страницы с описанием. Мы проверим соответствие и подскажем порядок возврата или спора.,"Если не понравился товар, просто возвращайте.",0.6905722618103027,0.4251522421836853,0.26542001962661743,0.7280642986297607,0.4923519194126129,0.23571237921714783,0.03749203681945801,0.06719967722892761,-0.029707640409469604
197,test,197,Заказ отменили без моего согласия после нескольких дней ожидания.,"Понимаю Ваше разочарование — отмена после длительного ожидания действительно неприятна. Сообщите номер заказа, и мы проверим причину отмены и доступные варианты восстановления или повторного оформления.","Заказ отменился автоматически. Если товара нет, ничего не сделать.",0.6727592945098877,0.5314011573791504,0.1413581371307373,0.6832435727119446,0.6092032194137573,0.07404035329818726,0.010484278202056885,0.07780206203460693,-0.06731778383255005
198,test,198,"Мне нужно узнать, почему изменился лимит по карте. Я его не менял.","Понимаю Ваше беспокойство — изменение лимита без Вашего действия действительно стоит проверить. Сообщите название лимита и дату, когда Вы заметили изменение. Мы проверим настройки и историю изменений, если такая информация доступна.",Лимиты банк может менять сам. Ничего необычного.,0.5306349992752075,0.4791090786457062,0.05152592062950134,0.4958287477493286,0.3626629710197449,0.13316577672958374,-0.034806251525878906,-0.1164461076259613,0.0816398561000824
199,test,199,Переменные в шаблоне письма не подставляются.,Понимаю Ваше неудобство. Сообщите название переменной и пример ожидаемого результата без персональных данных. Мы проверим синтаксис и доступность поля.,Переменная написана неправильно. Исправьте её.,0.4181404411792755,0.30628231167793274,0.11185812950134277,0.29343461990356445,0.31712692975997925,-0.023692309856414795,-0.12470582127571106,0.010844618082046509,-0.13555043935775757
200,test,200,"Товар сломался на второй день использования, хотя я обращался с ним нормально.","Мне жаль, что товар вышел из строя так быстро. Понимаю Ваше недовольство, особенно после столь короткого срока использования. Сообщите номер заказа и опишите неисправность; мы проверим гарантийные варианты и порядок диагностики или замены.","Тогда сдавай по гарантии. Если сам не сломал, всё решат.",0.6284914016723633,0.5047166347503662,0.12377476692199707,0.6519145369529724,0.5273981094360352,0.12451642751693726,0.02342313528060913,0.022681474685668945,0.0007416605949401855
201,test,201,Я указал неправильное назначение платежа.,"Понимаю Ваше беспокойство. Сообщите номер счёта и дату платежа. Мы проверим, можно ли сопоставить уже полученный перевод или потребуется корректировка.","Если неправильно указали, отправляйте новый перевод.",0.6689412593841553,0.30586451292037964,0.36307674646377563,0.6751255393028259,0.33119499683380127,0.34393054246902466,0.006184279918670654,0.02533048391342163,-0.019146203994750977
202,test,202,"Перевод на другой банк отклонён, хотя раньше такие переводы проходили.","Понимаю Ваше недовольство. Сообщите дату, сумму и тип перевода, а также текст ошибки. Мы проверим причину отклонения и возможные ограничения.","Раз отклонён, значит сейчас нельзя переводить. Попробуйте позже.",0.5138578414916992,0.35562342405319214,0.15823441743850708,0.4995434284210205,0.3223152756690979,0.1772281527519226,-0.014314413070678711,-0.03330814838409424,0.018993735313415527
203,test,203,"Хочу узнать, когда закончится текущий период подписки.","Конечно. Сообщите адрес аккаунта или название тарифа, и мы подскажем, где посмотреть дату окончания текущего периода.",Посмотрите дату окончания в настройках.,0.6633039116859436,0.5477964878082275,0.11550742387771606,0.6397591829299927,0.6708277463912964,-0.03106856346130371,-0.023544728755950928,0.12303125858306885,-0.14657598733901978
204,test,204,"У пользователя есть доступ к проекту, которого ему никто не назначал.","Понимаю Ваше беспокойство — неожиданный доступ к проекту действительно требует проверки. Не изменяйте права до выяснения причины, чтобы не потерять информацию для аудита. Сообщите пользователя и проект, и мы проверим наследуемые роли и группы доступа.","Наверное, доступ пришёл через группу. Удали пользователя из неё.",0.8298972845077515,0.3954334557056427,0.43446382880210876,0.7290031909942627,0.47028008103370667,0.25872310996055603,-0.10089409351348877,0.07484662532806396,-0.17574071884155273
205,test,205,Мне нужен акт за прошлый месяц.,"Конечно. Сообщите период и аккаунт, для которого нужен акт. Мы подскажем, где его получить или запросить.",Акты находятся в документах. Скачайте сами.,0.5842654705047607,0.5187749266624451,0.06549054384231567,0.5399316549301147,0.5177152156829834,0.022216439247131348,-0.044333815574645996,-0.00105971097946167,-0.043274104595184326
206,test,206,Встречи из календаря отображаются не в том часовом поясе.,"Понимаю, насколько это неудобно. Проверьте часовой пояс рабочей области и календаря. Сообщите устройство и настройки часового пояса — мы поможем найти расхождение.",У Вас неправильный часовой пояс. Исправьте его.,0.6028846502304077,0.6353764533996582,-0.03249180316925049,0.6781942248344421,0.5550706386566162,0.12312358617782593,0.07530957460403442,-0.08030581474304199,0.15561538934707642
207,test,207,"Не получается загрузить файл в сервис, появляется непонятная ошибка.","Понимаю Ваше неудобство. Сообщите формат и размер файла, а также точный текст ошибки или приложите скриншот без конфиденциальных данных.",Значит файл неправильный. Проверьте формат.,0.6194850206375122,0.43586280941963196,0.18362221121788025,0.667768120765686,0.520424485206604,0.14734363555908203,0.04828310012817383,0.08456167578697205,-0.03627857565879822
208,test,208,Мне нужно отключить старый номер для SMS-кодов.,"Понимаю Вашу задачу. Если старый номер ещё доступен, рекомендуем сначала добавить новый способ подтверждения. Если доступа к нему нет, сообщите тип аккаунта — мы подскажем безопасный порядок восстановления.",Удалите старый номер в настройках.,0.5487998723983765,0.5395983457565308,0.009201526641845703,0.5637506246566772,0.4597451090812683,0.10400551557540894,0.014950752258300781,-0.07985323667526245,0.09480398893356323
209,test,209,После обновления приложения оно стало занимать почти вдвое больше памяти.,"Понимаю Ваше беспокойство — заметный рост использования памяти действительно может быть проблемой, особенно на устройстве с ограниченным объёмом. Сообщите модель устройства и версии приложения до и после обновления, если они известны. Мы проверим известные изменения и рекомендации.",Обновления становятся тяжелее. Удали ненужные приложения.,0.8384420871734619,0.6262893080711365,0.21215277910232544,0.8213557004928589,0.5926780700683594,0.2286776304244995,-0.017086386680603027,-0.0336112380027771,0.016524851322174072
210,test,210,Не могу найти настройки безопасности рабочей области.,"Понимаю Ваше затруднение. Сообщите Вашу роль и версию интерфейса. Мы подскажем, где находятся настройки безопасности и какие права для них нужны.",Они в настройках. Поищите раздел безопасности.,0.5775072574615479,0.5941245555877686,-0.016617298126220703,0.6011224389076233,0.5722092986106873,0.028913140296936035,0.02361518144607544,-0.0219152569770813,0.04553043842315674
211,test,211,История версий документа исчезла.,"Понимаю Ваше беспокойство. Сообщите название документа, рабочую область и примерный период изменений. Мы проверим доступность истории и настройки хранения.",История могла удалиться по сроку хранения. Ничего не сделать.,0.5541022419929504,0.3062306344509125,0.24787160754203796,0.4767160415649414,0.2908632457256317,0.1858527958393097,-0.07738620042800903,-0.015367388725280762,-0.06201881170272827
212,test,212,Товар перестал работать через несколько дней после покупки.,"Очень жаль, что товар так быстро вышел из строя. Сообщите номер заказа и описание неисправности. Мы проверим доступные варианты диагностики, обмена или возврата.",Товар сломался — несите в сервис.,0.5891347527503967,0.44437605142593384,0.1447587013244629,0.6474069356918335,0.5369341969490051,0.11047273874282837,0.05827218294143677,0.09255814552307129,-0.03428596258163452
213,test,213,"Не могу прикрепить к клиенту новый документ, кнопка загрузки не работает.","Понимаю Ваше неудобство. Сообщите размер и формат документа, устройство и текст ошибки, если он появляется. Мы проверим права на загрузку и возможные ограничения файла.",Кнопка не работает — перезагрузи страницу.,0.5611118078231812,0.3906187415122986,0.17049306631088257,0.5230317115783691,0.5279588103294373,-0.004927098751068115,-0.03808009624481201,0.13734006881713867,-0.17542016506195068
214,test,214,Не могу поделиться файлом с внешним клиентом: система запрещает внешний доступ.,"Понимаю Вашу задачу. Запрет внешнего доступа может быть установлен политикой безопасности рабочей области. Сообщите тип файла и рабочую область — мы проверим, предусмотрено ли безопасное предоставление доступа внешнему пользователю.",Внешний доступ запрещён. Скачай файл и отправь по почте.,0.783584713935852,0.6169027090072632,0.16668200492858887,0.6660882234573364,0.5078668594360352,0.15822136402130127,-0.11749649047851562,-0.10903584957122803,-0.008460640907287598
215,test,215,"Вебхук срабатывает несколько раз на одно событие, и у нас создаются дубликаты.","Понимаю, насколько неприятно получать повторные события, особенно если из-за этого появляются дубликаты. Пришлите идентификатор события и пример нескольких уведомлений без секретов. Мы проверим доставку вебхука и поможем определить, связано ли повторение с повторной отправкой или обработкой на Вашей стороне.",Вебхуки могут приходить несколько раз. Сделай защиту от дублей сам.,0.6749590635299683,0.644355297088623,0.030603766441345215,0.5839165449142456,0.5562621355056763,0.027654409408569336,-0.09104251861572266,-0.08809316158294678,-0.002949357032775879
216,test,216,"Автоматизация изменила данные клиента, хотя условие не должно было выполняться.","Понимаю Ваше беспокойство — неожиданное изменение клиентских данных требует проверки. Если возможно, временно приостановите автоматизацию и сообщите её название и пример изменения. Мы проверим журнал выполнения и условие запуска.",Правило сработало неправильно. Отключи его.,0.7360635995864868,0.3257743716239929,0.4102892279624939,0.8056480884552002,0.33368468284606934,0.47196340560913086,0.06958448886871338,0.007910311222076416,0.06167417764663696
217,test,217,Не могу установить новый PIN для карты через приложение.,"Понимаю Ваше неудобство. Возможность изменения PIN может зависеть от типа карты и способа обслуживания. Сообщите текст ошибки и этап, на котором операция прекращается, не передавая сам PIN. Мы подскажем доступный способ изменения.",PIN нельзя менять как хочешь. Попробуй банкомат.,0.6652517914772034,0.5578054189682007,0.10744637250900269,0.6479511857032776,0.5419821739196777,0.10596901178359985,-0.01730060577392578,-0.01582324504852295,-0.001477360725402832
218,test,218,Во время звонка меня не слышно.,"Понимаю, как это мешает встрече. Проверьте выбранный микрофон и разрешение браузера на его использование. Если проблема сохраняется, сообщите устройство и браузер.",Микрофон не работает. Проверьте его.,0.5499329566955566,0.668204665184021,-0.11827170848846436,0.5546194911003113,0.6473777294158936,-0.09275823831558228,0.004686534404754639,-0.02082693576812744,0.02551347017288208
219,test,219,"Система отправила приглашение сотруднику, но он получил письмо с пустой страницей.","Понимаю, что это мешает сотруднику завершить подключение. Сообщите адрес рабочей области, браузер сотрудника и примерное время отправки приглашения. Мы проверим ссылку приглашения и возможные проблемы с загрузкой страницы.",Пусть откроет письмо в другом браузере.,0.5811271071434021,0.34625595808029175,0.23487114906311035,0.5962269306182861,0.34398898482322693,0.2522379457950592,0.015099823474884033,-0.0022669732570648193,0.017366796731948853
220,test,220,"Пользователи получают ошибку при входе через SSO, хотя раньше всё работало.","Понимаю, насколько критична такая проблема для корпоративного доступа. Давайте проверим настройки SSO и время появления ошибки. Сообщите текст ошибки, тип провайдера и идентификатор запроса, если он отображается, без секретных параметров.",SSO сломался. Проверь настройки провайдера.,0.6249807476997375,0.5769776105880737,0.04800313711166382,0.6845889687538147,0.6044952273368835,0.08009374141693115,0.05960822105407715,0.027517616748809814,0.032090604305267334
221,test,221,"Мне нужно выгрузить журнал аудита за конкретный месяц, но фильтр дат не работает.","Понимаю Ваше неудобство. Сообщите месяц, который Вы хотите выгрузить, и текст ошибки при выборе дат. Мы проверим фильтр и доступные альтернативы для получения журнала.","Попробуй выбрать даты вручную. Если не работает, значит баг.",0.7121853232383728,0.4040364623069763,0.3081488609313965,0.5447447299957275,0.603710412979126,-0.05896568298339844,-0.16744059324264526,0.19967395067214966,-0.3671145439147949
222,test,222,"Мне обещали доставку сегодня, но теперь дата снова изменилась.","Понимаю Ваше раздражение — повторное изменение срока действительно неудобно. Сообщите номер заказа, и мы проверим актуальный статус и причину задержки.",Дата могла измениться. Ждите новую.,0.6958433389663696,0.3968619704246521,0.29898136854171753,0.6993410587310791,0.44738224148750305,0.25195881724357605,0.0034977197647094727,0.05052027106285095,-0.04702255129814148
223,test,223,Не могу отключить гостевой доступ к рабочей области.,Понимаю Ваше беспокойство. Ограничение гостевого доступа может зависеть от тарифа и административных прав. Сообщите тип рабочей области и текущую роль пользователя — мы проверим доступные настройки.,"Гостевой доступ нельзя отключить, если нет кнопки.",0.7297610640525818,0.45699936151504517,0.2727617025375366,0.642799437046051,0.3603678047657013,0.28243163228034973,-0.08696162700653076,-0.09663155674934387,0.00966992974281311
224,test,224,"Я оформил самовывоз, но в пункте сказали, что заказа у них нет, хотя приложение показывает «готов к выдаче».","Понимаю Ваше раздражение — статус «готов к выдаче» естественно создаёт ожидание, что заказ уже можно получить. Сообщите номер заказа и пункт выдачи, чтобы мы проверили фактическое местонахождение отправления и статус передачи в пункт.","Иногда приложение обновляется раньше. Подожди, пока заказ реально приедет.",0.7354062795639038,0.6650477647781372,0.0703585147857666,0.6035770177841187,0.4834715723991394,0.12010544538497925,-0.13182926177978516,-0.1815761923789978,0.049746930599212646
225,test,225,Не могу изменить валюту уже созданного отчёта.,Понимаю Ваше неудобство. Валюта отчёта может быть связана с исходными данными и настройками рабочей области. Сообщите название отчёта и текущую и желаемую валюты — мы проверим доступный способ изменения.,Валюта уже задана. Создай новый отчёт.,0.7479380965232849,0.5487467646598816,0.19919133186340332,0.7489844560623169,0.5504171848297119,0.19856727123260498,0.0010463595390319824,0.0016704201698303223,-0.0006240606307983398
226,test,226,"Я хочу отказаться от платной услуги банка, но не понимаю, как её отключить.","Понимаю Ваше желание отключить услугу и разобраться без лишних действий. Сообщите название услуги или раздел приложения, где она отображается. Мы подскажем доступный способ отключения и уточним, прекратятся ли дальнейшие начисления.","Найди услугу в приложении и отключи. Если не умеешь, звони.",0.568421483039856,0.43836289644241333,0.13005858659744263,0.6519317626953125,0.5486514568328857,0.10328030586242676,0.08351027965545654,0.11028856039047241,-0.02677828073501587
227,test,227,"Я уверен, что пароль правильный, но двухфакторный код не принимается.","Понимаю, как неприятно столкнуться с такой проблемой после правильного ввода пароля. Проверьте синхронизацию времени на устройстве аутентификации. Если ошибка сохранится, сообщите её текст и тип второго фактора.","Если код не принимается, значит он неправильный. Получите новый.",0.6445136070251465,0.3875182569026947,0.2569953501224518,0.6547106504440308,0.3983038663864136,0.2564067840576172,0.010197043418884277,0.010785609483718872,-0.0005885660648345947
228,test,228,"Система говорит, что мой адрес недействителен, хотя по нему регулярно доставляют другие службы.","Понимаю Ваше недоумение — особенно если по этому адресу уже успешно выполнялись доставки. Сообщите город и улицу без номера квартиры или других лишних данных, а также текст ошибки. Мы проверим, почему адрес не проходит в нашей системе.","Если система говорит, что адрес неправильный, значит неправильный. Введи другой.",0.8109259605407715,0.7888977527618408,0.022028207778930664,0.7792273163795471,0.7566391229629517,0.02258819341659546,-0.031698644161224365,-0.03225862979888916,0.0005599856376647949
229,test,229,Не могу настроить собственный домен: проверка DNS постоянно не проходит.,"Понимаю Ваше затруднение — настройка DNS может быть особенно неприятной из-за задержек обновления записей. Сообщите тип требуемой записи и текст ошибки, не передавая секретные значения. Мы проверим, какие параметры ожидает система.",DNS просто ещё не обновился. Жди.,0.6450988054275513,0.5107767581939697,0.13432204723358154,0.7358368635177612,0.523769736289978,0.2120671272277832,0.09073805809020996,0.0129929780960083,0.07774507999420166
230,test,230,В транскрипции пропали первые десять минут встречи.,"Понимаю Ваше беспокойство. Сообщите дату и время встречи и идентификатор записи, если он есть. Мы проверим исходную запись и обработку транскрипции.",Значит запись началась позже. Проверьте файл.,0.7482359409332275,0.4791792035102844,0.2690567374229431,0.7350401282310486,0.5345470309257507,0.20049309730529785,-0.013195812702178955,0.05536782741546631,-0.06856364011764526
231,test,231,"В банкомате деньги не выдались, но сумма списалась.","Понимаю Ваше беспокойство — такая ситуация действительно требует проверки. Зафиксируйте адрес банкомата, дату, время и сумму операции и обратитесь через официальный канал банка. Мы зарегистрируем обращение и проверим операцию.","Подождите, деньги сами вернутся. Не паникуйте.",0.6159212589263916,0.45031705498695374,0.16560420393943787,0.624943196773529,0.4185603857040405,0.20638281106948853,0.009021937847137451,-0.03175666928291321,0.04077860713005066
232,test,232,Приложение-аутентификатор удалилось с телефона.,"Понимаю Вашу ситуацию. Если у Вас есть резервные коды или другой способ подтверждения, используйте его. Если доступа нет, сообщите тип аккаунта и способ двухфакторной защиты — мы подскажем процедуру восстановления.",Без приложения ничего не сделать. Установите его снова.,0.48185259103775024,0.5914736986160278,-0.10962110757827759,0.6320871710777283,0.5556644797325134,0.07642269134521484,0.15023458003997803,-0.035809218883514404,0.18604379892349243
233,test,233,"На сайте написано, что возврат бесплатный, но при оформлении мне предлагают оплатить обратную доставку.","Понимаю Ваш вопрос: если возврат заявлен как бесплатный, дополнительная стоимость действительно требует проверки. Сообщите номер заказа и причину возврата, и мы сверим её с условиями бесплатного возврата.","Сайт мог ошибиться. Если просит оплату, значит плати.",0.8382296562194824,0.6447688341140747,0.19346082210540771,0.7160370349884033,0.5929851531982422,0.12305188179016113,-0.1221926212310791,-0.05178368091583252,-0.07040894031524658
234,test,234,"Курьер требует дополнительную плату, которой не было в заказе.","Понимаю Ваше беспокойство. Не передавайте оплату, пока сумма не будет подтверждена в заказе или официальном сервисе. Сообщите номер заказа и размер требуемой доплаты — мы проверим условия доставки.","Если курьер просит деньги, наверное, так надо. Заплатите.",0.6938366293907166,0.5458354353904724,0.14800119400024414,0.672626256942749,0.5518633127212524,0.12076294422149658,-0.02121037244796753,0.006027877330780029,-0.02723824977874756
235,test,235,Документ случайно стал доступен всем по ссылке.,"Понимаю Ваше беспокойство — настройки общего доступа важно исправить как можно скорее. Отключите публичную ссылку, если это возможно, и сообщите документ и рабочую область. Мы поможем проверить доступы.","Просто выключите ссылку. Наверное, сами её включили.",0.7250012159347534,0.3626808822154999,0.36232033371925354,0.7041274309158325,0.3553912341594696,0.3487361967563629,-0.0208737850189209,-0.0072896480560302734,-0.013584136962890625
236,test,236,Курьер приехал намного раньше согласованного времени.,"Понимаю Ваше неудобство — неожиданно ранняя доставка действительно может нарушить планы. Сообщите номер заказа и согласованный интервал, чтобы мы зафиксировали ситуацию и проверили детали.",Курьер приехал раньше. В следующий раз будьте дома.,0.7366403341293335,0.6302789449691772,0.10636138916015625,0.7440391778945923,0.5970746874809265,0.14696449041366577,0.007398843765258789,-0.03320425748825073,0.04060310125350952
237,test,237,Мне нужно экспортировать журнал аудита.,"Конечно. Сообщите период и рабочую область. Мы подскажем, доступен ли экспорт и какой формат можно получить.","Экспортируйте журнал через кнопку, если она есть.",0.634087860584259,0.3640292286872864,0.27005863189697266,0.678581953048706,0.3647141456604004,0.31386780738830566,0.04449409246444702,0.0006849169731140137,0.04380917549133301
238,test,238,Не могу подключить Google Drive к рабочей области.,"Понимаю Ваше неудобство. Сообщите текст ошибки и аккаунт, с которого выполняется подключение, без передачи пароля. Мы проверим разрешения и статус интеграции.",Google Drive не подключается. Попробуйте ещё раз.,0.28917115926742554,0.6398103833198547,-0.3506392240524292,0.2694733142852783,0.675098180770874,-0.4056248664855957,-0.019697844982147217,0.03528779745101929,-0.054985642433166504
239,test,239,"В банковском приложении внезапно появилась новая карта, которую я не заказывал.","Понимаю Ваше беспокойство — неизвестный банковский продукт действительно важно проверить. Не используйте эту карту и не сообщайте никому коды из SMS. Обратитесь в банк через официальный канал в приложении или по номеру, указанному на официальном сайте, чтобы проверить происхождение карты и защитить счёт.","Наверное, банк автоматически выпустил новую карту. Посмотри условия.",0.7671241760253906,0.6442385911941528,0.12288558483123779,0.7839305400848389,0.6635538339614868,0.12037670612335205,0.016806364059448242,0.019315242767333984,-0.002508878707885742
240,test,240,В счёте неверно указан ИНН.,Понимаю Ваше беспокойство. Сообщите номер счёта и правильные реквизиты через защищённый канал. Мы проверим возможность корректировки документа.,Значит реквизиты ввели неправильно. Исправьте сами.,0.5865764021873474,0.46243029832839966,0.12414610385894775,0.6212295889854431,0.4884963929653168,0.13273319602012634,0.0346531867980957,0.026066094636917114,0.008587092161178589
241,test,241,После смены пароля старое устройство всё ещё показывает активную сессию.,"Понимаю Ваше беспокойство. Сообщите тип устройства и время смены пароля. Мы проверим, должна ли сессия завершиться автоматически и какие дополнительные действия доступны.",Сессия не сразу закрывается. Подождите.,0.7015033960342407,0.37674909830093384,0.3247542977333069,0.6569065451622009,0.27125075459480286,0.38565579056739807,-0.044596850872039795,-0.10549834370613098,0.060901492834091187
242,test,242,"Сервис автоматически создаёт папки, которых я не создавал.","Понимаю Ваше беспокойство — неожиданные изменения структуры файлов действительно стоит проверить. Сообщите названия создаваемых папок, время их появления и подключённые интеграции. Мы проверим журнал действий и автоматические правила.","Наверное, интеграция их создаёт. Отключи её.",0.6315847039222717,0.2864164710044861,0.34516823291778564,0.5571211576461792,0.18900179862976074,0.36811935901641846,-0.07446354627609253,-0.09741467237472534,0.022951126098632812
243,test,243,Не могу оплатить счёт по QR-коду.,"Понимаю Ваше неудобство. Сообщите текст ошибки и тип QR-кода, а также дату попытки. Мы проверим, почему платёж не проходит.",QR не работает. Попробуйте отсканировать ещё раз.,0.6898305416107178,0.5959504246711731,0.09388011693954468,0.753148078918457,0.5987884998321533,0.1543595790863037,0.06331753730773926,0.0028380751609802246,0.06047946214675903
244,test,244,"Резервная копия создаётся, но её размер подозрительно маленький.","Понимаю Ваше беспокойство — размер копии действительно может быть важным признаком того, все ли данные попали в архив. Сообщите дату копии и примерный объём исходных данных. Мы проверим состав резервной копии и исключённые категории.","Может, файлы сжались. Посмотри содержимое.",0.6270166635513306,0.47919198870658875,0.14782467484474182,0.6599276065826416,0.4795994460582733,0.1803281605243683,0.032910943031311035,0.0004074573516845703,0.032503485679626465
245,test,245,Не могу вывести деньги на банковский счёт.,"Понимаю Ваше неудобство. Сообщите способ вывода, текст ошибки и дату попытки. Мы проверим доступные ограничения и статус операции.","Если не выводится, значит реквизиты неправильные.",0.3890470862388611,0.3236032724380493,0.06544381380081177,0.3748422861099243,0.31407514214515686,0.060767143964767456,-0.014204800128936768,-0.009528130292892456,-0.0046766698360443115
246,test,246,Не могу применить корпоративную скидку.,"Понимаю Ваше неудобство. Сообщите название тарифа и условия корпоративной скидки, а также адрес рабочей области. Мы проверим право на скидку и настройки аккаунта.","Скидка не применяется, значит Вы её не получили.",0.6987319588661194,0.19342105090618134,0.505310907959938,0.7104597687721252,0.13141565024852753,0.5790441185235977,0.01172780990600586,-0.06200540065765381,0.07373321056365967
247,test,247,Я забыл PIN и не могу снять деньги.,"Понимаю Вашу ситуацию. Не стоит продолжать угадывать PIN, чтобы не заблокировать карту. Проверьте в приложении, доступен ли просмотр или смена PIN, либо обратитесь в банк по официальному каналу.","Если забыли PIN, ничего не сделать. Закажите новую карту.",0.6907073259353638,0.7290451526641846,-0.0383378267288208,0.6596252918243408,0.6952176094055176,-0.03559231758117676,-0.03108203411102295,-0.03382754325866699,0.002745509147644043
248,test,248,"Я поменял адрес доставки после оформления, но посылка всё равно идёт на старый адрес.","Понимаю Ваше беспокойство — особенно если отправление уже направляется по прежнему адресу. Сообщите номер заказа и время изменения адреса. Мы проверим, был ли новый адрес сохранён до передачи заказа в доставку и какие варианты доступны сейчас.","Если уже отправили, ничего не поменяешь. Звони курьеру.",0.8235087394714355,0.3198580741882324,0.5036506652832031,0.8406811952590942,0.3315289616584778,0.5091522336006165,0.01717245578765869,0.011670887470245361,0.00550156831741333
249,test,249,Я оплатил подписку не на том аккаунте.,"Понимаю Ваше беспокойство. Сообщите идентификаторы обоих аккаунтов и дату платежа, не передавая платёжные реквизиты. Мы проверим возможные варианты переноса или возврата.",Оплатили не тот аккаунт — сами виноваты. Переноса нет.,0.6758899688720703,0.5861803293228149,0.08970963954925537,0.6130015850067139,0.5008997917175293,0.11210179328918457,-0.06288838386535645,-0.08528053760528564,0.0223921537399292
250,test,250,Я не получил номер обращения после отправки формы.,"Понимаю Ваше беспокойство. Проверьте почту и папку «Спам». Если подтверждения нет, сообщите адрес аккаунта и примерное время отправки — мы проверим, зарегистрировано ли обращение.","Если номера нет, значит форма не отправилась. Попробуйте снова.",0.5689353346824646,0.6737885475158691,-0.10485321283340454,0.6472028493881226,0.6402800679206848,0.006922781467437744,0.07826751470565796,-0.033508479595184326,0.11177599430084229
251,test,251,"Я оформил заказ через приложение, но он не появился на сайте в том же аккаунте.","Понимаю Ваше беспокойство — заказы в одном аккаунте должны отображаться согласованно. Сообщите номер заказа и убедитесь, что на сайте выполнен вход под тем же аккаунтом. Мы проверим синхронизацию данных.","Наверное, вошёл не в тот аккаунт. Проверь сам.",0.6427310705184937,0.3383117616176605,0.30441930890083313,0.6786940097808838,0.32593676447868347,0.3527572453022003,0.03596293926239014,-0.01237499713897705,0.04833793640136719
252,test,252,После обновления приложения исчезла история операций.,"Понимаю Ваше беспокойство — история операций важна для контроля финансов. Проверьте выбранный период и счёт. Если данные не появятся, сообщите модель устройства и версию приложения.",История иногда пропадает после обновления. Подождите.,0.5809264779090881,0.4044172763824463,0.17650920152664185,0.5520240068435669,0.3877507448196411,0.16427326202392578,-0.02890247106552124,-0.016666531562805176,-0.012235939502716064
253,test,253,Я не могу удалить загруженную фотографию из профиля.,"Понимаю Ваше неудобство. Сообщите, где именно находится фотография и что происходит при попытке удаления. Мы проверим доступные права и возможный способ удалить изображение без изменения других данных профиля.","Нажми удалить ещё раз. Если кнопки нет, значит нельзя.",0.8071635961532593,0.2634674310684204,0.5436961650848389,0.8046197295188904,0.2536250352859497,0.5509946942329407,-0.0025438666343688965,-0.009842395782470703,0.007298529148101807
254,test,254,"Мне пришло письмо об удалении аккаунта, хотя я ничего не просил.","Понимаю Ваше беспокойство. Пока не переходите по ссылкам из письма. Пришлите текст уведомления или скриншот без личных данных, чтобы мы помогли проверить его подлинность и причину.","Наверное, аккаунт удалят за нарушение правил. Игнорируйте.",0.5933223366737366,0.6507107019424438,-0.057388365268707275,0.5512150526046753,0.697094738483429,-0.14587968587875366,-0.04210728406906128,0.04638403654098511,-0.08849132061004639
255,test,255,"Гость получил доступ к большему количеству проектов, чем я ему назначал.","Понимаю Ваше беспокойство — неожиданный доступ гостя требует проверки наследуемых прав. Сообщите проекты и группу, в которой находится пользователь. Мы проверим, откуда появился дополнительный доступ.","Гость, наверное, входит в общую группу. Удали его оттуда.",0.7920007705688477,0.3242653012275696,0.4677354693412781,0.7623283863067627,0.3060002624988556,0.4563281238079071,-0.02967238426208496,-0.01826503872871399,-0.011407345533370972
256,test,256,"Хочу изменить пароль, но система постоянно выдаёт ошибку.","Понимаю Ваше неудобство. Сообщите точный текст ошибки и используемый браузер или устройство. Мы проверим, почему изменение пароля не завершается.","Попробуйте другой пароль. Наверное, этот не подходит.",0.6770670413970947,0.6675203442573547,0.00954669713973999,0.6164214015007019,0.6328010559082031,-0.01637965440750122,-0.06064563989639282,-0.03471928834915161,-0.02592635154724121
257,test,257,Не могу заказать справку из банка через приложение.,"Понимаю, что справка может понадобиться срочно. Сообщите название справки и текст ошибки, если он отображается. Мы проверим доступность документа и альтернативные способы его получения.","Если приложение не даёт, идите в отделение.",0.34563323855400085,0.5372340679168701,-0.19160082936286926,0.3935239911079407,0.54966139793396,-0.1561374068260193,0.04789075255393982,0.012427330017089844,0.035463422536849976
258,test,258,"Проект открылся, но часть файлов в нём отсутствует.","Понимаю Ваше беспокойство. Сообщите название проекта и период, когда файлы были доступны в последний раз. Мы проверим историю изменений и возможное восстановление.","Наверное, кто-то удалил файлы. Посмотрите журнал.",0.5099073648452759,0.2837875485420227,0.22611981630325317,0.5477629899978638,0.40528595447540283,0.14247703552246094,0.03785562515258789,0.12149840593338013,-0.08364278078079224
259,test,259,"Я отменил заказ почти сразу после оформления, но его всё равно отправили. Почему система не учла отмену?","Понимаю Ваше недовольство — если Вы отменили заказ вовремя, его дальнейшая отправка действительно требует пояснения. Сообщите номер заказа и время отмены, чтобы мы проверили последовательность обработки и доступные варианты возврата.",Значит отмена не успела пройти. Теперь получишь посылку и вернёшь.,0.8385530710220337,0.5497832298278809,0.28876984119415283,0.5966671109199524,0.2968212366104126,0.2998458743095398,-0.2418859601020813,-0.25296199321746826,0.011076033115386963
260,test,260,"Я не понимаю, почему моя заявка на кредит отклонена.","Понимаю Ваш вопрос. Решение принимается по установленной процедуре оценки, и не все критерии могут быть раскрыты. Сообщите номер заявки, чтобы мы проверили доступную информацию о её статусе.","Вам просто отказали. Значит, кредит не одобрен.",0.31948715448379517,0.6089774370193481,-0.289490282535553,0.3353264033794403,0.6037927269935608,-0.2684663236141205,0.01583924889564514,-0.0051847100257873535,0.021023958921432495
