prompt,chosen,rejected
"Заказ задерживается уже второй день, а статус не меняется.","Понимаю Ваше недовольство — задержка действительно неудобна. Сообщите номер заказа, и мы проверим актуальный статус и новый срок доставки.","Ждите дальше. Если статус не меняется, значит курьер ещё не приехал."
"Мне прислали товар другого цвета. Я заказывал чёрный, а получил белый.","Приносим извинения за ошибку при комплектации. Пожалуйста, сообщите номер заказа и приложите фото полученного товара. Мы поможем оформить обмен или возврат.",Вам просто прислали другой цвет. Делайте возврат и заказывайте заново.
"Карта не проходит при оплате, хотя деньги на счёте есть.","Понимаю, как неприятно столкнуться с отказом при наличии достаточного баланса. Сообщите время операции и текст ошибки, и мы проверим причину отклонения.","Если карта не проходит, значит банк её не принимает. Попробуйте ещё раз."
"Не могу войти в аккаунт: пароль правильный, но система его не принимает.","Понимаю Ваше раздражение. Рекомендую воспользоваться восстановлением пароля. Если письмо не придёт, сообщите нам адрес аккаунта, и мы проверим ситуацию.",Значит пароль неправильный. Нажмите «забыли пароль».
С меня дважды списали оплату за один заказ.,Понимаю Ваше беспокойство — двойное списание требует проверки. Сообщите номер заказа и даты операций; полные данные карты отправлять не нужно.,"Наверное, Вы два раза оплатили. Ждите, может одна сумма вернётся."
"Я отменил подписку, но деньги всё равно списались.",Понимаю Ваше недовольство неожиданным списанием. Мы проверим дату отмены и статус подписки. Сообщите адрес аккаунта и дату операции.,"Вы, наверное, не отменили подписку. Надо было проверить."
"Возврат оформлен неделю назад, но денег пока нет.","Понимаю Ваше беспокойство — ожидание возврата действительно неприятно. Сообщите номер заказа и дату возврата, чтобы мы проверили статус операции.",Возвраты долго идут. Просто ждите.
"Товар приехал разбитым, упаковка тоже сильно повреждена.","Очень жаль, что заказ пришёл в таком состоянии. Пришлите номер заказа и фотографии товара и упаковки, и мы поможем оформить замену или возврат.","Курьер, наверное, повредил. Разбирайтесь с доставкой."
Не приходит код подтверждения на телефон.,"Понимаю, как неудобно ждать код, особенно когда он нужен для входа. Проверьте сигнал сети и заблокированные сообщения. Если код не поступит, сообщите время последней попытки.","Нажмите отправить ещё раз. Если не приходит, значит проблема у оператора."
Почему за перевод с меня взяли комиссию? Раньше её не было.,"Понимаю Ваш вопрос. Мы проверим тариф и условия, действовавшие на момент перевода. Сообщите дату, сумму и тип операции.",Комиссия есть по тарифу. Читайте условия внимательнее.
"Заказ отмечен как доставленный, но я его не получил.","Понимаю Ваше беспокойство — статус доставки не совпадает с фактической ситуацией. Сообщите номер заказа, и мы проверим детали передачи отправления.","Если стоит «доставлено», значит курьер его оставил. Посмотрите у двери."
"Мне выставили счёт выше суммы, указанной в договоре.","Понимаю Ваше возражение — такое расхождение действительно нужно проверить до оплаты. Пришлите номер счёта и соответствующий тариф или договор, и мы сопоставим начисления.","Наверное, добавились услуги. Сами посмотрите договор."
После обновления приложения я не могу найти раздел с отчётами.,"Понимаю, что после изменения интерфейса привычные функции бывает сложно найти. Назовите нужный отчёт, и я подскажу, где он находится в текущей версии.",Интерфейс изменили. Поищите внимательнее.
"Не получается загрузить файл в сервис, появляется непонятная ошибка.","Понимаю Ваше неудобство. Сообщите формат и размер файла, а также точный текст ошибки или приложите скриншот без конфиденциальных данных.",Значит файл неправильный. Проверьте формат.
"Сотрудник принял приглашение, но доступа к рабочей области у него нет.","Понимаю, что отсутствие доступа мешает работе команды. Сообщите адрес рабочей области и пользователя, который не может войти, без пароля — мы проверим статус приглашения и права.","Пусть выйдет и зайдёт ещё раз. Наверное, поможет."
После оплаты тарифа функции так и не разблокировались.,"Понимаю Ваше недовольство — после оплаты доступ к функциям должен работать корректно. Сообщите адрес аккаунта, название тарифа и время оплаты, чтобы мы проверили статус.",Подождите немного. Функции сами появятся.
В CRM пропали данные после импорта файла.,"Понимаю серьёзность ситуации, особенно если речь идёт о рабочих данных. Пока не повторяйте импорт. Сообщите время загрузки и название сущности — мы проверим историю импорта и изменения.","Загрузите файл ещё раз. Наверное, всё появится."
Сервис уже второй день работает очень медленно.,"Понимаю Ваше раздражение — при низкой скорости работать действительно сложно. Сообщите рабочую область и примерное время возникновения проблемы, чтобы мы проверили производительность.",У нас всё работает. Перезагрузите страницу.
Я случайно удалил документ. Можно его восстановить?,"Понимаю Ваше беспокойство. Если документ находится в корзине или доступна история версий, его можно попробовать восстановить. Сообщите название и примерное время удаления.",Удалили — значит удалили. Посмотрите корзину.
"Не могу изменить номер телефона, потому что старый номер уже недоступен.","Понимаю Вашу ситуацию. Если старый номер недоступен, мы можем проверить альтернативный способ подтверждения личности. Сообщите адрес аккаунта, и мы подскажем дальнейшие шаги.",Без старого номера ничего не сделать. Попробуйте как-нибудь восстановить аккаунт.
"Мне пришло письмо об удалении аккаунта, хотя я ничего не просил.","Понимаю Ваше беспокойство. Пока не переходите по ссылкам из письма. Пришлите текст уведомления или скриншот без личных данных, чтобы мы помогли проверить его подлинность и причину.","Наверное, аккаунт удалят за нарушение правил. Игнорируйте."
"В банкомате деньги не выдались, но сумма списалась.","Понимаю Ваше беспокойство — такая ситуация действительно требует проверки. Зафиксируйте адрес банкомата, дату, время и сумму операции и обратитесь через официальный канал банка. Мы зарегистрируем обращение и проверим операцию.","Подождите, деньги сами вернутся. Не паникуйте."
"Перевод отмечен как выполненный, но получатель денег не видит.","Понимаю Ваше беспокойство. Не рекомендуем отправлять перевод повторно до выяснения ситуации. Сообщите номер операции, дату и сумму — мы проверим её статус.",Не переводите ещё раз и просто ждите.
"Карту заблокировали, а я сейчас нахожусь за границей.","Понимаю, насколько это неудобно, особенно во время поездки. Обратитесь через официальный канал банка, доступный из-за границы. Мы проверим статус карты и возможные способы восстановления доступа.",Звоните в банк и разбирайтесь. Вы сами карту заблокировали.
Мне постоянно приходится заново входить в приложение.,"Понимаю, насколько неудобно каждый раз проходить авторизацию. Сообщите модель устройства и версию приложения, чтобы мы проверили, почему сессия не сохраняется.",Приложение забывает вход. Просто вводите пароль.
"Не могу скачать счёт в PDF, а бухгалтерия ждёт его сегодня.","Понимаю, что документ нужен срочно. Попробуйте открыть счёт в другом браузере. Если проблема сохранится, сообщите номер счёта и устройство — мы проверим и подскажем альтернативный способ получить документ.","Попробуйте другой браузер. Если не работает, значит ничего не поделать."
Курьер оставил посылку у двери и даже не позвонил.,"Понимаю Ваше беспокойство — оставлять заказ без уведомления действительно неудобно. Сообщите номер заказа, и мы проверим детали доставки и действия курьера.","Хорошо, что Вы её нашли. Наверное, курьер не смог дозвониться."
"Не понимаю, за что каждый месяц списывается небольшая сумма.","Понимаю Ваше беспокойство из-за непонятного регулярного платежа. Сообщите дату, сумму и назначение операции из выписки, скрыв полные реквизиты карты, — мы проверим возможный источник.","Наверное, это подписка. Посмотрите сами."
"Я уже отключил рекламную рассылку, но письма продолжают приходить.","Понимаю Ваше раздражение — после отписки повторные письма действительно доставляют неудобство. Сообщите адрес аккаунта и дату последнего письма, чтобы мы проверили статус отписки.",Отпишитесь ещё раз. Иногда письма продолжают приходить.
Приложение не принимает фотографию документа при проверке личности.,"Понимаю, как утомляет повторять проверку, особенно если камера работает нормально. Попробуйте равномерное освещение и очистите объектив. Если ошибка повторится, сообщите модель устройства и текст уведомления.",Камера плохая. Протрите её и попробуйте снова.
После отмены заказа деньги всё ещё не вернулись.,"Понимаю Ваше беспокойство. Сообщите номер заказа, дату отмены и сумму, чтобы мы проверили статус возврата и ожидаемый срок зачисления.",Деньги возвращаются не сразу. Ждите несколько дней.
"Я оплатил счёт, но система показывает его неоплаченным.","Понимаю, насколько неприятно видеть неверный статус после оплаты. Сообщите номер счёта и данные операции без конфиденциальных реквизитов, чтобы мы проверили платёж и синхронизацию статуса.","Если написано «не оплачено», значит платежа нет. Подождите."
"Не могу добавить сотрудника: система говорит, что лимит пользователей достигнут.","Понимаю, что это мешает работе команды. Сообщите текущий тариф и название рабочей области, чтобы мы проверили фактический лимит и количество занятых мест.",Лимит закончился. Удалите кого-нибудь или купите новый тариф.
"Мне начислили штраф, хотя я оплатил в последний день.","Понимаю Ваше возмущение — если платёж был отправлен вовремя, начисление стоит проверить. Сообщите дату, время и номер операции, чтобы мы сопоставили её с условиями оплаты.","Если штраф есть, значит Вы опоздали. Банк мог провести платёж позже."
Заказ отменили без моего согласия после нескольких дней ожидания.,"Понимаю Ваше разочарование — отмена после длительного ожидания действительно неприятна. Сообщите номер заказа, и мы проверим причину отмены и доступные варианты восстановления или повторного оформления.","Заказ отменился автоматически. Если товара нет, ничего не сделать."
Мне прислали обувь на два размера меньше.,"Приносим извинения за ошибку с размером. Сообщите номер заказа и приложите фотографию полученной пары, чтобы мы помогли оформить обмен или возврат.",Вам прислали не тот размер. Делайте возврат.
"Хочу закрыть аккаунт, но не нахожу соответствующей кнопки.","Понимаю Ваше неудобство. Мы поможем пройти процедуру закрытия аккаунта. Сообщите адрес электронной почты, связанный с ним, и мы подскажем доступный способ удаления.","Кнопки нет, значит сами удалить не можете. Пишите в поддержку."
"Не получается изменить тариф, кнопка не реагирует.","Понимаю, что это особенно неудобно, если изменение тарифа нужно сделать срочно. Сообщите рабочую область, текущий тариф и браузер — мы проверим проблему и доступные варианты изменения.","Если кнопка не работает, значит баг. Попробуйте перезагрузить страницу."
После обновления API запросы начали возвращать ошибку 500.,"Понимаю Ваше беспокойство — особенно если ранее эти запросы работали. Пришлите endpoint, время ошибки и пример запроса без секретных данных. Мы проверим журналы и возможную причину.",500 — ошибка сервера. Попробуйте ещё раз или откатите обновление.
"Получаю 401 при запросе к API, хотя токен выглядит правильным.","Понимаю, как frustrating может быть такая ошибка при настройке интеграции. Проверьте срок действия токена, заголовок авторизации и рабочую область. Если проблема сохраняется, пришлите пример запроса без самого токена.",401 значит токен неправильный. Проверьте его ещё раз.
"В хранилище закончилось место, хотя тариф у нас оплаченный.","Понимаю Ваше недовольство. Давайте проверим фактическое использование хранилища и лимит, предусмотренный тарифом. Сообщите название рабочей области, и мы уточним доступный объём.",Места нет — значит лимит закончился. Удаляйте файлы или покупайте больше.
Сотрудник не получил письмо с приглашением в рабочую область.,"Понимаю, что отсутствие приглашения задерживает работу. Проверьте папки «Спам» и «Промоакции». Если письма нет, сообщите адрес сотрудника и время отправки — мы проверим статус приглашения.","Пусть посмотрит спам. Если там нет, отправьте ещё раз."
После смены тарифа количество пользователей не обновилось.,"Понимаю Ваше беспокойство — после изменения тарифа доступный лимит должен отображаться корректно. Сообщите название рабочей области и время изменения тарифа, чтобы мы проверили синхронизацию.","Подождите, система обновится сама."
"Отчёт показывает старые данные, хотя операции уже проведены.","Понимаю Ваше неудобство. Давайте проверим период обновления данных и настройки отчёта. Сообщите название отчёта и время последних операций, которые не отображаются.",Отчёты обновляются не сразу. Просто подождите.
"Я удалил пользователя, но он всё ещё отображается в списке.","Понимаю, что это может вызывать вопросы по управлению доступом. Сообщите название рабочей области и время удаления — мы проверим, обновился ли статус пользователя.",Список иногда тормозит. Обновите страницу.
Приглашение сотруднику показывает ошибку «ссылка недействительна».,"Понимаю, что такая ошибка мешает подключить сотрудника. Возможно, приглашение истекло или было отозвано. Сообщите рабочую область и адрес сотрудника, чтобы мы проверили статус приглашения.",Ссылка протухла. Отправьте новую.
"Я оплатил подписку, но чек на почту не пришёл.","Понимаю, что Вам нужен документ, подтверждающий оплату. Проверьте папки «Спам» и «Промоакции». Если чека нет, сообщите адрес аккаунта и дату платежа — мы проверим отправку.","Посмотрите спам. Если нет, значит письмо потерялось."
"Счёт за месяц оказался выше обычного, хотя тариф не менялся.","Понимаю Ваш вопрос — неожиданное увеличение суммы действительно требует пояснения. Сообщите номер счёта и период, и мы проверим начисления, дополнительные услуги и изменения тарификации.","Наверное, Вы больше пользовались сервисом. Посмотрите счёт."
Мне дважды выставили один и тот же счёт.,"Понимаю Ваше беспокойство. Пришлите номера обоих счетов и даты выставления, чтобы мы проверили, действительно ли начисление продублировалось.","Один из счетов, наверное, ошибочный. Игнорируйте его."
"Я не могу открыть общий документ, хотя коллеги говорят, что дали мне доступ.","Понимаю, как неудобно, когда доступ должен быть предоставлен, но документ всё равно не открывается. Сообщите ссылку или идентификатор документа и адрес Вашего аккаунта, не передавая пароль. Мы проверим права доступа.","Пусть коллеги ещё раз дадут доступ. Наверное, забыли."
У меня пропал доступ к папке после смены роли.,"Понимаю Ваше неудобство. Изменение роли может влиять на права доступа. Сообщите рабочую область, прежнюю и текущую роль и название папки — мы проверим настройки разрешений.","Роль поменяли, поэтому доступ пропал. Попросите кого-нибудь вернуть."
"Не загружается видео, хотя оно меньше максимального размера.","Понимаю Ваше неудобство. Помимо размера могут иметь значение формат, кодек или длительность файла. Сообщите формат, размер и текст ошибки — мы проверим требования и возможную причину.","Если размер нормальный, значит формат плохой. Перекодируйте видео."
"Система не принимает CSV, хотя раньше такие файлы загружались.","Понимаю, что изменение поведения загрузки после предыдущей успешной работы вызывает вопросы. Пришлите пример структуры файла без конфиденциальных данных и текст ошибки — мы проверим формат и импорт.","CSV, наверное, неправильный. Сделайте новый файл."
В отчёте появились дубликаты клиентов после импорта.,"Понимаю Ваше беспокойство — дубликаты могут существенно повлиять на данные. Пока не повторяйте импорт. Сообщите время загрузки и настройки сопоставления полей, чтобы мы проверили причину.",Вы два раза импортировали. Удалите дубликаты вручную.
"Не работает экспорт данных, кнопка зависает.","Понимаю Ваше неудобство. Сообщите название отчёта, объём данных и браузер, в котором возникает проблема. Мы проверим экспорт и подскажем альтернативный способ получить данные.",У меня кнопка работает. Попробуйте другой браузер.
После смены пароля меня выбросило со всех устройств.,"Понимаю, что повторная авторизация на всех устройствах может быть неожиданной. Это может быть защитным механизмом после изменения пароля. Если Вы не меняли пароль, сообщите нам как можно скорее — мы поможем проверить безопасность аккаунта.",После смены пароля так и должно быть. Просто войдите заново.
Я получил уведомление о входе из незнакомого города.,"Понимаю Ваше беспокойство. Если Вы не совершали этот вход, рекомендуем сменить пароль, завершить неизвестные сеансы и включить двухфакторную аутентификацию. Сообщите дату и время уведомления, чтобы мы помогли проверить детали.","Наверное, Вы забыли, где входили. Просто поменяйте пароль."
Мой аккаунт заблокирован после нескольких неудачных попыток входа.,Понимаю Ваше беспокойство. Временная блокировка может быть защитной мерой. Давайте проверим статус аккаунта и доступный способ восстановления. Сообщите адрес аккаунта.,Вы несколько раз неправильно ввели пароль. Ждите разблокировки.
"Я уверен, что пароль правильный, но двухфакторный код не принимается.","Понимаю, как неприятно столкнуться с такой проблемой после правильного ввода пароля. Проверьте синхронизацию времени на устройстве аутентификации. Если ошибка сохранится, сообщите её текст и тип второго фактора.","Если код не принимается, значит он неправильный. Получите новый."
Не могу отключить двухфакторную аутентификацию.,"Понимаю Ваше неудобство. Возможность изменения этой настройки может зависеть от способа подтверждения личности и политики безопасности. Сообщите тип используемого второго фактора, и мы подскажем безопасный порядок действий.","Если не отключается, значит нельзя. Оставьте как есть."
"Телефон потерян, и теперь я не могу войти из-за двухфакторной защиты.","Понимаю Вашу ситуацию — потеря устройства особенно неудобна, когда оно используется для подтверждения входа. Мы можем проверить доступные способы восстановления. Сообщите адрес аккаунта и используемый метод двухфакторной аутентификации.",Без телефона никак. Купите новый и попробуйте войти.
Не приходит письмо для восстановления пароля.,"Понимаю Ваше неудобство. Проверьте папки «Спам» и убедитесь, что адрес введён без ошибок. Если письма нет, сообщите адрес аккаунта — мы проверим отправку письма.",Письмо должно прийти. Проверьте спам.
"Ссылка для сброса пароля говорит, что срок действия истёк.","Понимаю, что это мешает восстановить доступ. Запросите новое письмо для сброса и используйте самую последнюю ссылку. Если ошибка повторится, сообщите время запроса — мы проверим ситуацию.",Ссылка просрочена. Получите новую.
После восстановления пароля меня всё равно не пускает в аккаунт.,"Понимаю Ваше раздражение — особенно после успешного сброса пароля. Сообщите адрес аккаунта и точный текст ошибки, чтобы мы проверили, на каком этапе возникает проблема.",Значит новый пароль опять неправильный. Сбросьте ещё раз.
Я хочу поменять адрес электронной почты в аккаунте.,"Конечно. Чтобы мы подсказали корректный порядок изменения адреса, сообщите, есть ли у Вас доступ к текущей почте. В зависимости от ситуации может потребоваться дополнительное подтверждение личности.","Просто поменяйте почту в настройках, если кнопка есть."
"Старый email больше не существует, а он нужен для входа.","Понимаю Вашу ситуацию. Если доступа к старому адресу уже нет, мы проверим альтернативный способ подтверждения владения аккаунтом. Сообщите адрес аккаунта и доступные Вам контактные данные.",Без старой почты восстановить ничего нельзя.
Мой номер телефона уже привязан к другому аккаунту.,"Понимаю, что это мешает завершить регистрацию. Мы проверим, к какой учётной записи уже привязан номер и какие варианты доступны для его переноса. Сообщите номер в защищённом канале поддержки; здесь полный номер указывать не требуется.",Значит номер уже занят. Используйте другой.
"При регистрации пишет, что мой email уже используется.","Понимаю, что такое сообщение может вызвать вопросы. Возможно, у Вас уже существует аккаунт с этим адресом. Попробуйте восстановить пароль или сообщите адрес, чтобы мы подсказали безопасный способ проверить регистрацию.",Email уже занят. Зарегистрируйтесь на другой.
Не могу подтвердить email — письмо не приходит.,"Понимаю Ваше неудобство. Проверьте папки «Спам» и правильность адреса. Если письма нет, сообщите время последней попытки — мы проверим доставку.","Проверьте спам. Если нет, отправьте письмо ещё раз."
Мне пришло несколько одинаковых писем подтверждения.,"Понимаю, что несколько одинаковых уведомлений могут вызвать вопросы. Если Вы запрашивали подтверждение несколько раз, это может быть связано с повторными запросами. Если письма продолжают приходить без Ваших действий, сообщите нам — мы проверим активность.","Вы сами, наверное, несколько раз нажали. Игнорируйте лишние письма."
"Я нажал не ту ссылку в письме и теперь не понимаю, что произошло.","Понимаю Ваше беспокойство. Если ссылка была из неизвестного или подозрительного письма, не вводите на открывшейся странице пароль или платёжные данные. Сообщите нам текст письма и адрес отправителя без личной информации, чтобы мы помогли проверить его.","Ну, уже нажали. Ничего не сделать."
"Хочу изменить пароль, но система постоянно выдаёт ошибку.","Понимаю Ваше неудобство. Сообщите точный текст ошибки и используемый браузер или устройство. Мы проверим, почему изменение пароля не завершается.","Попробуйте другой пароль. Наверное, этот не подходит."
Новый пароль не сохраняется после нажатия кнопки.,"Понимаю, что это неприятно. Проверьте требования к паролю и попробуйте выполнить действие в актуальной версии браузера. Если проблема повторится, пришлите текст ошибки без самого пароля.",Пароль не подходит. Придумайте другой.
Мне нужно удалить старый способ оплаты из аккаунта.,"Понимаю. Мы поможем проверить, можно ли удалить сохранённый способ оплаты. Если к нему привязана активная подписка или незавершённый платёж, сначала может потребоваться добавить другой способ.","Удаляйте карту в настройках. Если не получается, значит нельзя."
Не могу добавить новую банковскую карту.,"Понимаю Ваше неудобство. Сообщите текст ошибки и тип карты, не передавая полный номер или код безопасности. Мы проверим причину отклонения и доступные способы оплаты.",Карта не подходит. Попробуйте другую.
После добавления карты она сразу исчезает из аккаунта.,"Понимаю, почему это вызывает вопросы. Возможно, система не завершает проверку способа оплаты. Сообщите время добавления и текст возможного уведомления, чтобы мы проверили операцию.",Значит карта не сохранилась. Добавьте ещё раз.
Почему вы просите повторно подтвердить карту? Я уже пользовался ей раньше.,"Понимаю Ваше недоумение. Повторная проверка может потребоваться в целях безопасности или после изменения платёжных данных. Если сообщите, при какой операции появляется запрос, мы сможем уточнить причину.",Так требует система. Просто подтвердите карту.
Платёж завис в статусе «обрабатывается» уже несколько часов.,"Понимаю Ваше беспокойство. Пока операция находится в обработке, не рекомендуем повторять платёж, чтобы избежать дублирования. Сообщите номер операции и время оплаты — мы проверим статус.","Ждите. Пока статус «обрабатывается», ничего не сделать."
"Платёж отклонён, но банк показывает заблокированную сумму.","Понимаю Ваше беспокойство — это действительно может выглядеть как списание. Возможно, речь идёт о временной авторизации. Сообщите дату, сумму и номер операции, и мы проверим её статус.",Это просто блокировка. Деньги сами вернутся.
"Я отменил платёж, но в приложении он всё ещё отображается активным.","Понимаю Ваше беспокойство. Сообщите номер операции и время отмены, чтобы мы проверили статус и синхронизацию данных.",Приложение просто тормозит. Подождите.
"Получил деньги обратно, но сумма меньше первоначальной.","Понимаю Ваш вопрос — расхождение суммы возврата действительно нужно объяснить. Сообщите номер операции, первоначальную сумму и сумму возврата, чтобы мы проверили удержания и условия операции.","Наверное, комиссия. Посмотрите тариф."
Мне вернули деньги не на ту карту.,"Понимаю Ваше беспокойство. Сообщите номер операции и последние четыре цифры карты, на которую ожидался возврат, не отправляя полный номер. Мы проверим направление возврата.","Возврат обычно идёт туда, откуда платили. Проверьте сами."
"Я не узнаю операцию в выписке и боюсь, что кто-то использовал мою карту.","Понимаю Ваше беспокойство. Если Вы не узнаёте операцию, рекомендуем временно заблокировать карту через официальное приложение или банк и обратиться в службу безопасности. Сообщите дату, сумму и описание операции, не передавая полный номер карты.","Наверное, Вы забыли покупку. Посмотрите внимательнее."
"Мне пришло уведомление о подозрительной операции, но это была моя покупка.","Понимаю Ваше недоумение. Такие уведомления могут срабатывать автоматически при необычной для аккаунта операции. Если покупку совершали Вы, следуйте инструкциям банка для подтверждения операции.","Система просто подумала, что это подозрительно. Игнорируйте."
"Карту скоро нужно заменить, но я не понимаю, как заказать новую.","Понимаю Ваш вопрос. Мы поможем проверить срок действия карты и доступный способ перевыпуска. Сообщите, пожалуйста, тип карты и что именно отображается в приложении.","Закажите новую карту через приложение. Если не видите кнопку, ищите лучше."
"Новая карта пришла, но я не могу её активировать.","Понимаю Ваше неудобство. Сообщите, на каком шаге активации возникает ошибка и её точный текст. Мы проверим статус карты и подскажем дальнейшие действия.","Если не активируется, попробуйте ещё раз."
PIN-код заблокирован после нескольких неправильных попыток.,"Понимаю Ваше беспокойство. Для безопасности карта могла временно заблокировать операции с PIN-кодом. Обратитесь через официальный канал банка, чтобы проверить статус и доступный способ восстановления.",Вы неправильно вводили PIN. Теперь ждите.
Я забыл PIN и не могу снять деньги.,"Понимаю Вашу ситуацию. Не стоит продолжать угадывать PIN, чтобы не заблокировать карту. Проверьте в приложении, доступен ли просмотр или смена PIN, либо обратитесь в банк по официальному каналу.","Если забыли PIN, ничего не сделать. Закажите новую карту."
"Не могу снять наличные, банкомат сразу возвращает карту.","Понимаю Ваше неудобство. Причина может быть связана с картой, банкоматом или настройками операции. Сообщите адрес банкомата, дату и время, а также текст ошибки, если он был.","Попробуйте другой банкомат. Этот, наверное, сломан."
"Банкомат выдал меньше денег, чем я запросил.","Понимаю Ваше беспокойство. Зафиксируйте адрес банкомата, сумму запроса, фактически полученную сумму, дату и время. Мы зарегистрируем обращение и проверим операцию.","Посчитайте деньги ещё раз. Если меньше, звоните в банк."
Банкомат удержал карту.,"Понимаю, насколько неприятна такая ситуация. Не пытайтесь самостоятельно извлечь карту. Зафиксируйте адрес и номер банкомата и обратитесь в банк по официальному номеру, чтобы заблокировать карту и узнать порядок возврата.",Банкомат забрал карту. Позвоните куда-нибудь в банк.
"Перевод на другой банк отклонён, хотя раньше такие переводы проходили.","Понимаю Ваше недовольство. Сообщите дату, сумму и тип перевода, а также текст ошибки. Мы проверим причину отклонения и возможные ограничения.","Раз отклонён, значит сейчас нельзя переводить. Попробуйте позже."
Я указал неправильный номер получателя в переводе. Можно отменить операцию?,"Понимаю Ваше беспокойство. Если перевод уже отправлен, возможность отмены зависит от его статуса. Сообщите номер операции и время отправки — мы проверим доступные действия.","Если уже отправили, значит всё. Попробуйте договориться с получателем."
Перевод ушёл не тому человеку.,"Понимаю, насколько неприятна такая ситуация. Сообщите номер операции и время перевода. Мы проверим статус и возможный порядок возврата средств.",Вы сами ошиблись. Обратитесь к получателю.
Почему международный перевод ещё не дошёл?,"Понимаю Ваше беспокойство. Международные переводы могут проходить дополнительные проверки. Сообщите номер операции, дату и валюту, чтобы мы проверили текущий статус.",Международные переводы долго идут. Ждите.
С меня взяли комиссию за снятие наличных.,"Понимаю Ваш вопрос. Размер комиссии зависит от типа карты, банкомата и условий тарифа. Сообщите дату, сумму и банк, которому принадлежит банкомат, чтобы мы проверили применённую комиссию.",Банкоматы берут комиссию. Читайте тариф.
"Почему курс при оплате оказался хуже, чем я ожидал?","Понимаю Ваш вопрос. При операции могли применяться курс платёжной системы, банка или дополнительные условия конвертации. Сообщите дату, сумму и валюты операции — мы проверим расчёт.",Курс постоянно меняется. Ничего удивительного.
"Я пополнил счёт, но деньги ещё не зачислились.","Понимаю Ваше беспокойство. Сообщите дату, сумму и способ пополнения, а также номер операции, если он есть. Мы проверим статус зачисления.",Пополнения иногда задерживаются. Просто подождите.
Пополнение прошло дважды.,"Понимаю Ваше беспокойство — двойное зачисление или списание действительно нужно проверить. Сообщите даты и суммы обеих операций, не передавая полные реквизиты карты.","Вы два раза пополнили. Одна сумма, наверное, вернётся."
Не могу вывести деньги на банковский счёт.,"Понимаю Ваше неудобство. Сообщите способ вывода, текст ошибки и дату попытки. Мы проверим доступные ограничения и статус операции.","Если не выводится, значит реквизиты неправильные."
Вывод средств уже несколько дней находится в обработке.,"Понимаю Ваше беспокойство. Сообщите номер операции и дату заявки, чтобы мы проверили текущий статус и возможный срок завершения.",Обработка может быть долгой. Просто ждите.
Мой банковский счёт не проходит проверку для вывода.,"Понимаю Ваше неудобство. Сообщите текст ошибки и тип счёта, не передавая полные реквизиты. Мы проверим требования к верификации и подскажем, что нужно исправить.",Реквизиты неправильные. Проверьте их.
"Я не понимаю, почему моя заявка на кредит отклонена.","Понимаю Ваш вопрос. Решение принимается по установленной процедуре оценки, и не все критерии могут быть раскрыты. Сообщите номер заявки, чтобы мы проверили доступную информацию о её статусе.","Вам просто отказали. Значит, кредит не одобрен."
"Я отправил заявку на кредит утром, а статус до сих пор не изменился.","Понимаю Ваше беспокойство. Обработка может занимать определённое время. Сообщите номер заявки, и мы проверим её текущий статус и доступную информацию о сроках.",Ждите. Заявки обрабатываются не сразу.
Мне нужно изменить паспортные данные в банке.,"Понимаю. Для изменения персональных данных может потребоваться подтверждение личности. Сообщите, какой именно документ изменился, и мы подскажем доступный порядок обновления данных.",Поменяйте паспорт в настройках или идите в отделение.
В приложении отображается старый адрес проживания.,"Понимаю Ваше неудобство. Давайте проверим, где именно хранится адрес и доступно ли его изменение онлайн. Сообщите, какой раздел приложения Вы используете.","Измените адрес в настройках. Если нельзя, значит нельзя."
Не могу заказать справку из банка через приложение.,"Понимаю, что справка может понадобиться срочно. Сообщите название справки и текст ошибки, если он отображается. Мы проверим доступность документа и альтернативные способы его получения.","Если приложение не даёт, идите в отделение."
"Мне нужна выписка за прошлый год, но приложение показывает только несколько месяцев.","Понимаю Вашу задачу. Возможный период загрузки может зависеть от формата выписки. Сообщите нужный период и тип документа — мы подскажем, как получить полную выписку.",Приложение показывает только доступный период. Скачайте несколько файлов.
Почему с меня удержали налог с операции?,"Понимаю Ваш вопрос. Налоговые удержания зависят от типа операции и применимых правил. Сообщите дату и вид операции, чтобы мы проверили доступную информацию о начислении.",Налог удержали по правилам. Ничего не поделать.
"Мне пришло уведомление о задолженности, хотя я всё оплатил.","Понимаю Ваше беспокойство. Сообщите номер договора, дату и сумму платежа, чтобы мы сопоставили оплату с начислением и проверили статус задолженности.","Если уведомление пришло, значит долг есть. Проверьте платеж."
"Оплата кредита прошла, но задолженность не уменьшилась.","Понимаю Ваше беспокойство. Сообщите номер договора, дату и сумму платежа — мы проверим зачисление и обновление задолженности.",Система обновляется не сразу. Подождите.
"Я хочу досрочно погасить кредит, но не вижу такой функции.","Понимаю Ваш вопрос. Возможность досрочного погашения и порядок оформления зависят от условий договора. Сообщите номер или название продукта, и мы подскажем доступный способ.",Не видите кнопку — значит делайте через отделение.
После досрочного погашения в приложении всё ещё показывается долг.,"Понимаю Ваше беспокойство. Статус может обновляться после обработки платежа. Сообщите дату, сумму и номер операции, чтобы мы проверили погашение.",Приложение тормозит. Подождите.
"Мне начислили проценты, хотя я внёс платёж раньше срока.","Понимаю Ваш вопрос. Давайте проверим дату зачисления и порядок расчёта процентов. Сообщите номер договора, дату и сумму платежа.",Проценты начисляются автоматически. Всё правильно.
"Я не понимаю, из чего сложилась сумма ежемесячного платежа.","Понимаю Ваш вопрос. Мы можем разобрать начисление по составляющим: основной долг, проценты и возможные комиссии. Сообщите номер договора и период платежа.",Сумма указана в договоре. Посмотрите его.
Почему платёж по кредиту стал больше в этом месяце?,"Понимаю Ваше беспокойство. Давайте проверим, изменились ли проценты, комиссии или другие составляющие платежа. Сообщите номер договора и период.",Платёж мог измениться. Посмотрите договор.
Я не получил уведомление о предстоящем платеже.,Понимаю Ваше беспокойство. Мы проверим настройки уведомлений и историю отправки. Сообщите номер договора и предпочитаемый канал уведомлений.,Уведомления иногда не приходят. Просто следите сами.
Хочу отключить бумажные выписки.,"Конечно. Мы можем подсказать, как изменить способ получения документов. Сообщите, где Вы сейчас получаете выписки и какой формат хотите использовать вместо этого.",Отключите бумагу в настройках.
Мне продолжают звонить по старому номеру после его изменения.,"Понимаю Ваше неудобство. Давайте проверим, какие контактные данные сейчас указаны в системе. Сообщите дату изменения номера и канал, через который Вы его обновляли.",Система ещё не обновилась. Подождите.
Не могу открыть банковское уведомление — оно выдаёт ошибку.,"Понимаю Ваше неудобство. Сообщите тип уведомления, дату и текст ошибки. Мы проверим документ и при необходимости предложим другой способ его получить.","Наверное, приложение глючит. Попробуйте позже."
Приложение банка не запускается после обновления.,"Понимаю, насколько неудобно остаться без доступа после обновления. Уточните модель устройства и версию операционной системы. Мы проверим совместимость и известные проблемы.","Перезагрузите телефон. Если не поможет, ждите нового обновления."
После обновления приложения исчезла история операций.,"Понимаю Ваше беспокойство — история операций важна для контроля финансов. Проверьте выбранный период и счёт. Если данные не появятся, сообщите модель устройства и версию приложения.",История иногда пропадает после обновления. Подождите.
Уведомления о списаниях приходят с большой задержкой.,"Понимаю Ваше беспокойство — своевременные уведомления важны для контроля операций. Сообщите дату нескольких операций и время получения уведомлений, чтобы мы проверили задержку.",Уведомления могут задерживаться. Это нормально.
"Я отключил уведомления, но они всё равно приходят.","Понимаю Ваше раздражение. Мы проверим настройки уведомлений и канал, через который сообщения продолжают поступать. Сообщите дату последнего уведомления и тип операции.",Значит отключили не все уведомления. Проверьте настройки ещё раз.
Мне нужно изменить лимит по карте.,"Понимаю Вашу задачу. Возможность изменения лимита зависит от типа операции и продукта. Сообщите, какой именно лимит требуется изменить, и мы подскажем доступный способ.","Изменяйте лимит в приложении, если там есть кнопка."
"Платёж превышает установленный лимит, но мне нужно провести его сегодня.","Понимаю, что операция срочная. Сообщите тип платежа и текущий лимит. Мы проверим, доступно ли его изменение и какие условия действуют.",Лимит есть лимит. Измените его сами.
Не могу оплатить коммунальные услуги через приложение.,"Понимаю Ваше неудобство. Сообщите поставщика услуги, сумму и текст ошибки. Мы проверим доступность платежа и возможную причину отказа.","Попробуйте оплатить ещё раз. Наверное, сервис поставщика не работает."
"Платёж за интернет прошёл, но провайдер говорит, что денег нет.","Понимаю Ваше беспокойство. Не рекомендуем повторять платёж до выяснения ситуации. Сообщите номер операции, дату и сумму — мы проверим статус и передачу средств.",Провайдер просто ещё не увидел платёж. Подождите.
"Оплата мобильной связи списалась, но баланс телефона не пополнился.","Понимаю Ваше беспокойство. Сообщите номер операции, дату, сумму и оператора связи. Мы проверим статус платежа и его передачу оператору.","Подождите, оператор ещё не зачислил деньги."
Я случайно пополнил не тот номер телефона.,"Понимаю, как неприятно ошибиться в номере. Сообщите номер операции и время платежа. Мы проверим, можно ли отменить или скорректировать операцию.",Вы сами ошиблись номером. Обратитесь к оператору.
Не могу оплатить счёт по QR-коду.,"Понимаю Ваше неудобство. Сообщите текст ошибки и тип QR-кода, а также дату попытки. Мы проверим, почему платёж не проходит.",QR не работает. Попробуйте отсканировать ещё раз.
После сканирования QR-кода сумма отображается неправильно.,"Понимаю Ваше беспокойство. Не подтверждайте платёж, пока сумма не будет проверена. Сообщите назначение платежа и сумму, указанную в счёте, без конфиденциальных данных.","Если сумма неправильная, не платите. Сами разберитесь с QR."
Мне нужно отменить автоплатёж.,"Конечно. Мы поможем проверить настройки автоплатежа и отключить его. Сообщите, какой именно платёж Вы хотите отменить.",Отключите автоплатёж в настройках.
"Автоплатёж сработал, хотя я думал, что отключил его.","Понимаю Ваше беспокойство. Мы проверим дату отключения и время списания. Сообщите тип автоплатежа и номер операции, чтобы определить, почему операция прошла.",Значит Вы не отключили его вовремя.
Не могу добавить новый автоплатёж.,"Понимаю Ваше неудобство. Сообщите тип платежа, поставщика и текст ошибки. Мы проверим доступность функции и условия её настройки.","Если не добавляется, значит поставщик не поддерживается."
"Автоплатёж списал сумму больше, чем обычно.","Понимаю Ваш вопрос. Давайте проверим, изменилась ли сумма счёта или настройки автоплатежа. Сообщите дату, сумму и поставщика.","Поставщик, наверное, выставил больше. Проверьте сами."
Не могу найти чек по покупке в приложении.,"Понимаю, что чек может понадобиться для отчётности или возврата. Сообщите дату и сумму покупки, чтобы мы проверили, где доступен документ.","Ищите чек в истории. Если его нет, значит не сохранился."
Чек пришёл с неправильной суммой.,"Понимаю Ваш вопрос. Сообщите номер операции и правильную сумму покупки, чтобы мы проверили данные документа.","Наверное, продавец передал неправильную сумму. Обратитесь к нему."
Мне нужен чек на другую почту.,"Понимаю. Мы проверим, можно ли повторно отправить документ на другой адрес. Сообщите номер операции и новый адрес через защищённый канал.","Перешлите чек сами, если он у Вас есть."
"Платёж прошёл, но чек вообще не сформировался.","Понимаю Ваше неудобство. Сообщите номер операции, дату и сумму — мы проверим статус платежа и наличие документа.",Чек может появиться позже. Подождите.
"Мне пришло уведомление о возврате, но я не понимаю, что именно вернули.","Понимаю Ваш вопрос. Сообщите номер операции или заказа, и мы проверим, к какой покупке относится возврат и какая сумма была возвращена.",Посмотрите историю операций. Там должно быть понятно.
"Хочу вернуть товар, но срок возврата скоро заканчивается.","Понимаю, что в такой ситуации важно не потерять возможность возврата. Сообщите номер заказа и дату получения товара, чтобы мы проверили доступные варианты и сроки.","Если срок заканчивается, оформляйте возврат быстрее."
"Продавец отказал в возврате товара, хотя я считаю, что он мне не подходит.","Понимаю Ваше недовольство. Давайте проверим условия возврата именно для этого товара и причину отказа. Сообщите номер заказа и причину, которую указал продавец.","Если продавец отказал, значит возврата нет."
Мне вернули только часть стоимости заказа.,"Понимаю Ваш вопрос. Сообщите номер заказа и сумму, которую ожидали получить, а также фактическую сумму возврата. Мы проверим расчёт.","Наверное, часть товара не подлежала возврату. Посмотрите условия."
"Продавец отправил замену, но я не получил трек-номер.","Понимаю Ваше беспокойство. Сообщите номер заказа и дату оформления замены, чтобы мы проверили статус отправления и наличие трек-номера.",Пусть продавец отправит трек. Мы тут ничего не знаем.
Продавец не отвечает на мои сообщения уже несколько дней.,Понимаю Ваше недовольство. Сообщите номер заказа и дату последнего сообщения. Мы проверим статус обращения и доступные меры поддержки со стороны площадки.,"Если продавец молчит, ждите. Мы за него отвечать не можем."
"Заказ отменился, но продавец говорит, что уже отправил товар.","Понимаю, что такая ситуация вызывает путаницу. Сообщите номер заказа и данные отправления, если они есть. Мы проверим статус заказа и доставки.","Если заказ отменён, значит всё отменено. Разбирайтесь с продавцом."
Цена товара изменилась после оформления заказа.,"Понимаю Ваш вопрос. Сообщите номер заказа и первоначальную цену, чтобы мы проверили, какая сумма была зафиксирована при оформлении.",Цены могут меняться. Вам нужно было покупать раньше.
"На странице товара была одна цена, а в корзине появилась другая.","Понимаю Ваше недовольство — разница в цене действительно требует объяснения. Сообщите название товара и сделайте скриншот страницы и корзины, скрыв личные данные. Мы проверим причину расхождения.",Цена могла измениться. Такое бывает.
"Промокод не применяется, хотя срок его действия ещё не закончился.","Понимаю Ваше неудобство. Сообщите промокод, название товара и текст ошибки. Мы проверим условия акции и причину, по которой скидка не применяется.",Значит промокод не подходит. Попробуйте другой.
"Промокод сработал, но скидка получилась меньше обещанной.","Понимаю Ваш вопрос. Сообщите размер ожидаемой скидки, фактическую сумму и условия акции. Мы проверим расчёт и применённые ограничения.","Скидки считаются автоматически. Наверное, Вы неправильно поняли условия."
Подарочный сертификат не принимается при оплате.,Понимаю Ваше неудобство. Сообщите номер сертификата через защищённый канал и текст ошибки. Мы проверим его статус и доступность использования.,"Сертификат, наверное, просрочен. Купите новый."
"Сертификат действующий, но система пишет, что он уже использован.","Понимаю Ваше беспокойство. Не публикуйте полный код сертификата в чате. Сообщите номер заказа или последние символы кода, и мы проверим историю использования.",Значит сертификат уже использовали. Проверьте сами.
Не могу применить бонусы к заказу.,"Понимаю Ваше неудобство. Сообщите номер заказа и текст ошибки, чтобы мы проверили баланс бонусов и условия их использования.","Бонусы, наверное, закончились. Посмотрите баланс."
Бонусы исчезли после отмены заказа.,Понимаю Ваше беспокойство. Сообщите номер заказа и дату отмены — мы проверим историю начисления и списания бонусов.,После отмены бонусы могут пропадать. Ничего не сделать.
"Мне начислили меньше бонусов, чем было указано в акции.","Понимаю Ваш вопрос. Сообщите номер заказа и условия акции, по которой ожидалось начисление. Мы проверим расчёт бонусов.",Бонусы начисляются по правилам. Читайте акцию.
"Доставка показывает один адрес, хотя я указал другой.","Понимаю Ваше беспокойство — важно убедиться, что заказ поедет по правильному адресу. Сообщите номер заказа и укажите, какой адрес отображается сейчас. Мы проверим данные доставки.","Если адрес неправильный, меняйте его сами в приложении."
"Мне нужно изменить адрес доставки, но заказ уже оформлен.","Понимаю Вашу ситуацию. Возможность изменить адрес зависит от этапа обработки заказа. Сообщите номер заказа и новый город или район, чтобы мы проверили доступные варианты.",После оформления адрес обычно не меняется. Отменяйте заказ.
"Курьер не смог доставить заказ, хотя я был дома.","Понимаю Ваше недовольство — особенно если Вы ожидали доставку и были готовы её принять. Сообщите номер заказа и время попытки доставки, чтобы мы проверили комментарий курьера и назначили дальнейшие действия.","Курьер написал, что не смог доставить. Значит, Вас не было."
Курьер позвонил один раз и сразу отметил заказ как недоставленный.,"Понимаю Ваше недовольство. Сообщите номер заказа и время звонка, чтобы мы проверили детали попытки доставки и возможность повторной доставки.","Наверное, курьер не дозвонился. Ждите следующую попытку."
"Курьер требует дополнительную плату, которой не было в заказе.","Понимаю Ваше беспокойство. Не передавайте оплату, пока сумма не будет подтверждена в заказе или официальном сервисе. Сообщите номер заказа и размер требуемой доплаты — мы проверим условия доставки.","Если курьер просит деньги, наверное, так надо. Заплатите."
"Мне привезли заказ, но часть товаров отсутствует.","Приносим извинения за неполную комплектацию. Сообщите номер заказа и перечислите отсутствующие позиции. Если возможно, приложите фото упаковки — мы проверим комплектацию и предложим решение.","Наверное, забыли положить. Напишите продавцу."
"В заказе не хватает одного товара, хотя в чеке он есть.","Понимаю Ваше недовольство — если товар указан в чеке, но не доставлен, ситуацию нужно проверить. Сообщите номер заказа и название отсутствующей позиции.","Если в чеке есть, значит должны были положить. Обратитесь к магазину."
Товар пришёл без инструкции и необходимых деталей.,Понимаю Ваше неудобство. Сообщите номер заказа и перечень отсутствующих компонентов. Мы проверим комплектацию и поможем получить недостающие материалы или оформить решение.,"Наверное, производитель забыл инструкцию. Ищите её в интернете."
У товара нет гарантии в личном кабинете.,"Понимаю Ваш вопрос. Сообщите номер заказа и дату покупки, чтобы мы проверили данные о гарантии и срок её действия.",Гарантия должна быть в документах. Посмотрите коробку.
"Мне отказали в гарантийном ремонте, но товар сломался во время гарантии.","Понимаю Ваше недовольство. Сообщите номер заказа, дату покупки и причину отказа в ремонте. Мы проверим условия гарантии и порядок дальнейшего обращения.","Если сервис отказал, значит случай не гарантийный."
Товар перестал работать через несколько дней после покупки.,"Очень жаль, что товар так быстро вышел из строя. Сообщите номер заказа и описание неисправности. Мы проверим доступные варианты диагностики, обмена или возврата.",Товар сломался — несите в сервис.
"Я получил повреждённую упаковку, но сам товар вроде цел.","Понимаю Ваше беспокойство. Рекомендуем сохранить упаковку и сделать фотографии повреждений на случай проверки доставки. Сообщите номер заказа, чтобы мы зафиксировали ситуацию.","Если товар цел, значит всё нормально. Выбросьте коробку."
Мне доставили товар без заводской пломбы.,Понимаю Ваши сомнения — состояние упаковки действительно важно. Сообщите номер заказа и приложите фотографии упаковки. Мы проверим информацию о комплектации и доставке.,"Пломба могла просто оторваться. Если товар работает, пользуйтесь."
Я получил товар с царапинами.,"Сожалеем, что товар пришёл повреждённым. Пришлите номер заказа и фотографии повреждений, чтобы мы могли оформить обращение и предложить обмен или возврат.","Царапины бывают при доставке. Если хотите, возвращайте."
Не могу отменить заказ через приложение.,"Понимаю Ваше неудобство. Возможность отмены зависит от этапа обработки. Сообщите номер заказа и текст ошибки — мы проверим, можно ли отменить его другим способом.","Если кнопка не работает, значит отменить уже нельзя."
"Я нажал отмену заказа, но статус остался прежним.","Понимаю Ваше беспокойство. Сообщите номер заказа и время отмены, чтобы мы проверили, зарегистрирован ли запрос и на каком этапе находится заказ.",Система не сразу обновляется. Подождите.
Хочу изменить состав заказа после оформления.,Понимаю Вашу задачу. Возможность изменить состав зависит от этапа обработки. Сообщите номер заказа и какие позиции нужно добавить или убрать — мы проверим варианты.,После оформления ничего менять нельзя. Отменяйте.
Я случайно заказал два одинаковых товара.,"Понимаю, такое действительно может произойти. Сообщите номер заказа и желаемое действие — отменить одну позицию или весь заказ. Мы проверим возможность изменения.",Вы сами два раза заказали. Отменяйте лишний.
Мне нужно объединить два заказа в одну доставку.,"Понимаю желание получить заказы одной доставкой. Сообщите номера заказов и их текущие статусы. Мы проверим, доступно ли объединение на этом этапе.","Заказы уже оформлены, объединить нельзя."
"Доставка стала платной, хотя раньше для меня была бесплатной.","Понимаю Ваш вопрос. Стоимость доставки может зависеть от суммы заказа, адреса и действующих условий. Сообщите номер заказа и тариф доставки, чтобы мы проверили расчёт.",Бесплатная доставка не всегда бесплатная. Читайте условия.
"Почему доставка стоит почти столько же, сколько сам товар?","Понимаю Ваше удивление. Стоимость может зависеть от региона, способа доставки и габаритов отправления. Сообщите номер заказа или параметры доставки, и мы проверим расчёт.",Доставка дорогая из-за региона. Ничего не сделать.
Хочу изменить способ доставки на более быстрый.,"Понимаю Вашу задачу. Возможность ускорить доставку зависит от текущего статуса заказа и доступных способов доставки. Сообщите номер заказа, и мы проверим варианты.","Если уже оформили, изменить нельзя. Ждите."
"Заказ должен был приехать экспресс-доставкой, но отправили обычной.","Приносим извинения за несоответствие выбранного способа доставки. Сообщите номер заказа, чтобы мы проверили условия оформления и фактический способ отправки.","Наверное, система выбрала обычную доставку. Ждите."
Трек-номер не отслеживается уже сутки.,"Понимаю Ваше беспокойство. После передачи отправления перевозчику обновление статуса может занимать некоторое время. Сообщите трек-номер и дату отправки, чтобы мы проверили доступную информацию.",Трек иногда не работает. Подождите ещё.
"Трек-номер показывает, что посылка вообще в другом городе.","Понимаю Ваше беспокойство. Сообщите трек-номер и ожидаемый адрес доставки, чтобы мы проверили маршрут и возможную ошибку сортировки.","Наверное, перевозчик отправил не туда. Ждите обновления."
Посылка застряла на сортировке уже несколько дней.,"Понимаю Ваше беспокойство — отсутствие движения действительно тревожит. Сообщите трек-номер и дату последнего обновления, чтобы мы проверили статус доставки.",Она на сортировке. Придётся ждать.
"Мне сообщили, что посылка потеряна.","Понимаю, насколько неприятно получить такое уведомление. Сообщите номер заказа и трек-номер, чтобы мы проверили официальный статус и доступные варианты компенсации или повторной отправки.","Если потеряна, значит потеряна. Заказывайте снова."
"Посылка вернулась отправителю, хотя я её не отменял.","Понимаю Ваше недоумение. Сообщите номер заказа и трек-номер, чтобы мы проверили причину возврата отправителю и возможные варианты повторной доставки.","Наверное, никто не забрал посылку. Заказывайте заново."
Пункт выдачи изменили без моего согласия.,"Понимаю Ваше неудобство. Сообщите номер заказа и исходный и текущий пункт выдачи, чтобы мы проверили причину изменения и доступные варианты.","Пункт могли поменять из-за загрузки. Забирайте там, куда отправили."
"Пункт выдачи закрыт, а заказ уже там.","Понимаю Ваше беспокойство. Сообщите номер заказа и адрес пункта, чтобы мы проверили статус и возможный альтернативный пункт выдачи.","Если пункт закрыт, подождите, пока откроется."
Я не могу получить заказ в пункте выдачи: код не принимается.,"Понимаю Ваше неудобство. Сообщите номер заказа и текст ошибки, не передавая код полностью в чате. Мы проверим статус отправления и способ получения.",Код неправильный. Попробуйте ввести ещё раз.
"Срок хранения заказа заканчивается, но я не могу приехать вовремя.","Понимаю Вашу ситуацию. Сообщите номер заказа и дату окончания хранения, чтобы мы проверили, можно ли продлить срок или изменить способ получения.","Если не успеваете, заказ вернут."
Мне продлили срок доставки без объяснения.,"Понимаю Ваше недовольство. Сообщите номер заказа, чтобы мы проверили причину изменения срока и актуальную дату доставки.",Доставка иногда задерживается. Просто ждите.
"Мне обещали доставку сегодня, но теперь дата снова изменилась.","Понимаю Ваше раздражение — повторное изменение срока действительно неудобно. Сообщите номер заказа, и мы проверим актуальный статус и причину задержки.",Дата могла измениться. Ждите новую.
Не могу выбрать удобное время доставки.,"Понимаю Ваше неудобство. Доступные интервалы зависят от региона и загрузки службы доставки. Сообщите номер заказа и желаемое время, чтобы мы проверили варианты.","Если времени нет, значит нет свободных слотов."
Курьер приехал намного раньше согласованного времени.,"Понимаю Ваше неудобство — неожиданно ранняя доставка действительно может нарушить планы. Сообщите номер заказа и согласованный интервал, чтобы мы зафиксировали ситуацию и проверили детали.",Курьер приехал раньше. В следующий раз будьте дома.
Курьер общался со мной грубо.,"Сожалеем, что общение с курьером оставило такое впечатление. Сообщите номер заказа, дату доставки и кратко опишите ситуацию. Мы передадим информацию ответственным специалистам для проверки.",Курьеры разные бывают. Ничего страшного.
"Курьер оставил заказ у соседа, хотя я этого не разрешал.","Понимаю Ваше беспокойство — передача заказа другому человеку без согласования действительно требует проверки. Сообщите номер заказа, и мы проверим детали доставки и действия курьера.","Наверное, Вас не было дома. Заберите у соседа."
"Мне позвонил человек, представившийся курьером, и попросил назвать код из SMS.","Понимаю Ваше беспокойство. Не сообщайте коды из SMS, пароли или платёжные данные по телефону, если Вы не уверены в собеседнике. Сообщите номер заказа и время звонка через официальный канал — мы проверим информацию о доставке.","Если это курьер, можно сказать код. Наверное, ему нужен для доставки."
Я получил подозрительное SMS якобы от вашего сервиса.,"Понимаю Ваше беспокойство. Не переходите по ссылкам и не вводите данные из сообщения. Пришлите текст SMS без персональных данных, чтобы мы помогли проверить его подлинность.","Это, наверное, мошенники. Просто удалите SMS."
Мне позвонили и попросили назвать полный номер карты для возврата.,"Понимаю Ваше беспокойство. Не сообщайте полный номер карты, PIN, CVV или коды подтверждения неизвестным собеседникам. Обратитесь в поддержку через официальный канал — мы проверим статус возврата без передачи таких данных.","Не называйте карту. Если звонили мошенники, всё понятно."
"Я перешёл по ссылке из SMS, но ничего не вводил. Нужно ли что-то делать?","Понимаю Ваше беспокойство. Если Вы не вводили пароль или платёжные данные, риск ниже, но рекомендуем закрыть страницу и проверить активные сеансы аккаунта. Если Вы всё же вводили какие-либо данные, сообщите нам через официальный канал.","Если ничего не вводили, всё нормально. Ничего не делайте."
Я ввёл пароль на подозрительном сайте и теперь переживаю.,"Понимаю Ваше беспокойство. Рекомендуем как можно скорее сменить пароль через официальный сайт или приложение, завершить неизвестные сеансы и включить двухфакторную аутентификацию. Если пароль использовался где-то ещё, измените его и там.","Если ввели пароль, значит уже поздно. Просто поменяйте его."
Мне пришло письмо с просьбой подтвердить банковские данные.,Понимаю Ваше беспокойство. Не переходите по ссылкам и не передавайте банковские реквизиты в ответ на письмо. Перешлите нам содержание сообщения без конфиденциальных данных — мы поможем проверить его подлинность.,"Не отвечайте. Это, наверное, мошенники."
"Не могу понять, настоящий ли сайт, на котором меня просят войти.","Понимаю Вашу осторожность — при вводе данных важно убедиться, что сайт официальный. Не вводите пароль, пока не проверите адрес через официальный сайт или приложение. Если пришлёте доменное имя без личных данных, мы поможем проверить его.","Если сомневаетесь, не заходите. Сами проверьте адрес."
Мне заблокировали аккаунт после подозрительной активности.,"Понимаю Ваше беспокойство. Блокировка могла быть установлена в целях защиты аккаунта. Сообщите адрес аккаунта и дату уведомления, чтобы мы проверили статус и доступную процедуру восстановления.","Наверное, система обнаружила что-то подозрительное. Ждите."
Я хочу сообщить о мошенническом продавце на площадке.,"Спасибо, что сообщили. Пришлите номер заказа или ссылку на карточку продавца и кратко опишите ситуацию. Мы передадим информацию на проверку и подскажем дальнейшие действия.",Просто пожалуйтесь на продавца через кнопку.
Продавец просит оплатить заказ вне платформы.,Понимаю Ваше беспокойство. Для защиты сделки рекомендуем не переводить деньги вне официальной платформы. Сообщите номер заказа или продавца — мы проверим ситуацию и подскажем безопасный способ оплаты.,"Не платите ему. Наверное, мошенник."
"Я уже оплатил продавцу напрямую, но товар не отправлен.","Понимаю Ваше беспокойство. Сообщите данные заказа и информацию о платеже без полного номера карты. Мы проверим, какие действия доступны со стороны платформы.","Если платили напрямую, мы за это не отвечаем."
"Продавец прислал товар, который явно отличается от описания.",Понимаю Ваше разочарование. Сообщите номер заказа и приложите фотографии товара и страницы с описанием. Мы проверим соответствие и подскажем порядок возврата или спора.,"Если не понравился товар, просто возвращайте."
"Мне отказали в споре, но я считаю решение неправильным.","Понимаю Ваше недовольство. Сообщите номер спора и документы или фотографии, которые Вы предоставляли. Мы проверим доступные основания для пересмотра и дальнейший порядок обращения.","Если спор закрыли, значит решение окончательное."
Срок рассмотрения моего обращения уже вышел.,"Понимаю Ваше недовольство — ожидание сверх заявленного срока действительно неприятно. Сообщите номер обращения, и мы проверим его текущий статус и причину задержки.","Обращений много. Ждите, когда до вас дойдут."
"Мне закрыли обращение, но проблема так и не решена.","Понимаю Ваше раздражение — закрытие обращения без решения проблемы действительно вызывает вопросы. Сообщите номер обращения и кратко укажите, что осталось нерешённым. Мы проверим историю и возможный способ продолжить работу.","Если закрыли, значит всё сделали. Создайте новое обращение."
Мне несколько раз отвечают разными специалистами и каждый раз приходится объяснять всё заново.,"Понимаю Ваше раздражение — повторно описывать одну и ту же ситуацию действительно неудобно. Сообщите номер обращения, и мы постараемся продолжить работу с уже имеющейся историей.",У нас разные сотрудники. Придётся объяснить ещё раз.
Поддержка отвечает только шаблонными сообщениями.,"Понимаю Ваше недовольство — общий ответ не помогает, если ситуация требует конкретного решения. Сообщите номер обращения и ключевые детали проблемы, чтобы мы смогли сосредоточиться именно на Вашем случае.","Мы используем шаблоны, потому что обращений много."
"Я уже отправлял документы, но меня снова просят их прислать.","Понимаю Ваше раздражение. Мы проверим историю загрузки, чтобы не заставлять Вас повторять уже выполненные действия. Сообщите номер заявки и дату отправки документов.","Наверное, документы не дошли. Отправьте ещё раз."
Файл с документами не загружается в форму обращения.,"Понимаю Ваше неудобство. Сообщите формат и размер файла и текст ошибки. Мы проверим требования и, если потребуется, предложим альтернативный способ передачи документов.",Файл слишком большой или неправильный. Сделайте другой.
Мне нужно срочно добавить документ к уже созданному обращению.,"Понимаю, что документ может быть важен для рассмотрения обращения. Сообщите номер обращения и название файла, и мы подскажем доступный способ добавить его.",Создайте новое обращение и прикрепите туда.
Я не получил номер обращения после отправки формы.,"Понимаю Ваше беспокойство. Проверьте почту и папку «Спам». Если подтверждения нет, сообщите адрес аккаунта и примерное время отправки — мы проверим, зарегистрировано ли обращение.","Если номера нет, значит форма не отправилась. Попробуйте снова."
Форма поддержки выдаёт ошибку при отправке.,"Понимаю Ваше неудобство. Пришлите текст ошибки и укажите браузер или устройство. Мы проверим, почему форма не отправляется, и подскажем альтернативный способ связаться с нами.","Попробуйте ещё раз. Наверное, браузер виноват."
Я не получил ответа на обращение по электронной почте.,"Понимаю Ваше беспокойство. Сообщите номер обращения и адрес электронной почты, с которого оно было отправлено. Мы проверим историю ответа и статус обращения.","Ответ, наверное, попал в спам. Проверьте почту."
"Мне ответили на английском, хотя я обращался на русском.","Приносим извинения за неудобство. Мы продолжим общение на русском языке. Сообщите номер обращения, чтобы мы могли учесть предыдущую переписку.",Система сама выбирает язык. Переведите ответ.
В ответе поддержки перепутали мой номер заказа.,"Понимаю Ваше беспокойство. Сообщите правильный номер заказа и номер обращения, чтобы мы проверили переписку и исправили информацию.","Наверное, сотрудник ошибся. Напишите номер ещё раз."
"Мне прислали инструкцию, которая не относится к моей версии приложения.","Понимаю Ваше недовольство — инструкция действительно должна соответствовать используемой версии. Сообщите версию приложения и устройство, чтобы мы дали актуальные шаги.",Инструкция общая. Попробуйте найти нужную кнопку сами.
"Не понимаю, что означает ошибка 403.","Понимаю, что технический код ошибки без пояснения мало помогает. Ошибка 403 обычно означает, что запрос отклонён из-за недостаточных прав или ограничений доступа. Если пришлёте endpoint и контекст запроса без секретных данных, мы поможем проверить причину.",403 значит доступа нет. Вы что-то делаете неправильно.
"API возвращает 429, хотя запросов немного.","Понимаю Ваше недоумение. Ошибка 429 связана с ограничением частоты запросов, но причина может быть в настройках лимита или распределении запросов. Пришлите время ошибки и пример вызовов без секретных данных — мы проверим.",429 значит слишком много запросов. Уменьшите количество.
Webhook перестал приходить после изменения URL.,"Понимаю, как это мешает интеграции. Проверьте доступность нового URL и статус webhook. Сообщите идентификатор интеграции и время изменения, чтобы мы проверили доставку событий.",Значит новый URL неправильный. Поставьте старый.
Вебхук приходит несколько раз на одно событие.,Понимаю Вашу обеспокоенность дубликатами событий. Сообщите идентификатор события и пример нескольких повторов. Мы проверим доставку и рекомендации по обработке повторных webhook.,Webhook может повторяться. Просто игнорируйте дубликаты.
Подпись webhook не проходит проверку.,"Понимаю Ваше неудобство. Проверьте секрет, алгоритм подписи и точное содержимое исходного тела запроса. Если проблема сохраняется, пришлите пример заголовков без секретных значений.",Подпись неправильная. Проверьте секрет.
SDK после обновления начал выдавать ошибки компиляции.,"Понимаю Ваше беспокойство — несовместимость после обновления может остановить разработку. Сообщите версию SDK, язык и текст ошибки. Мы проверим совместимость и рекомендации по миграции.","Обновили SDK, поэтому код сломался. Исправляйте его."
Документация API не совпадает с фактическим ответом сервера.,"Понимаю Ваше недоумение. Сообщите endpoint, версию API и пример ответа без конфиденциальных данных. Мы проверим актуальность документации и фактическое поведение.",Документация может быть старой. Смотрите ответ сервера.
"Не понимаю, какой API-токен использовать для тестовой среды.","Понимаю Ваш вопрос. Уточните, какую среду Вы используете и какой тип интеграции настраиваете. Мы подскажем, где получить соответствующий тестовый токен и как безопасно его использовать.",Для теста нужен тестовый токен. Создайте его сами.
Токен API внезапно перестал работать.,"Понимаю, что это может остановить интеграцию. Проверьте срок действия и область действия токена. Сообщите время появления ошибки и код ответа без передачи самого токена.",Токен протух. Создайте новый.
Мне нужно отозвать старый API-токен.,"Конечно. Отзыв токена можно выполнить через настройки безопасности, если эта функция доступна для Вашей роли. Если Вы уточните тип токена, мы подскажем безопасный порядок действий.","Удалите токен в настройках. Если не можете, значит нет прав."
"Не могу создать API-токен, кнопка недоступна.","Понимаю Ваше неудобство. Возможность создания токенов может зависеть от роли и тарифа. Сообщите рабочую область и роль пользователя, чтобы мы проверили доступ.",У Вас нет прав. Попросите администратора.
Наша интеграция перестала получать события после технических работ.,"Понимаю, насколько это критично для автоматизации. Сообщите идентификатор интеграции и время, когда события перестали поступать. Мы проверим статус доставки и системные события.",После работ могли что-то сломать. Попробуйте настроить интеграцию заново.
"Сервис сообщает о технических работах, но нам не пришло предупреждение.","Понимаю Ваше недовольство — заранее получать информацию о работах действительно важно. Сообщите рабочую область и дату инцидента, чтобы мы проверили уведомления и доступную информацию о работах.",Не всем приходят уведомления. Просто следите за сайтом.
Почему сервис был недоступен ночью?,"Понимаю Ваш вопрос. Сообщите примерное время и рабочую область, чтобы мы проверили наличие инцидента или плановых работ в этот период.","Наверное, были работы. Ночью такое бывает."
После восстановления сервиса часть операций не обработалась.,"Понимаю Ваше беспокойство — пропущенные операции могут серьёзно повлиять на работу. Сообщите идентификаторы операций и время их выполнения, чтобы мы проверили обработку после восстановления.",После сбоя такое бывает. Запустите операции ещё раз.
У нас пропали уведомления о новых заказах.,"Понимаю, насколько это важно для работы команды. Сообщите рабочую область, канал уведомлений и примерное время, когда они перестали приходить. Мы проверим настройки и доставку.","Наверное, уведомления отключились. Проверьте настройки."
Уведомления приходят с задержкой на несколько часов.,"Понимаю Ваше беспокойство. Сообщите несколько примеров с временем события и временем получения уведомления. Мы проверим, где возникает задержка.",Уведомления иногда задерживаются. Ждите.
"Slack-уведомления перестали приходить, хотя интеграция подключена.","Понимаю Ваше неудобство. Сообщите рабочую область и канал, в котором должны появляться уведомления. Мы проверим статус интеграции и последние события доставки.","Переподключите Slack. Наверное, токен слетел."
Не могу подключить календарь к сервису.,Понимаю Ваше неудобство. Сообщите тип календаря и текст ошибки. Мы проверим требования к подключению и доступные разрешения.,Календарь не подключается. Попробуйте ещё раз.
Синхронизация календаря перестала обновляться.,"Понимаю, как это мешает планированию. Сообщите тип календаря и время последней успешной синхронизации. Мы проверим статус интеграции.",Синхронизация зависла. Переподключите календарь.
В календаре появились дубликаты встреч.,Понимаю Ваше неудобство. Сообщите название интеграции и пример повторяющейся встречи. Мы проверим настройки синхронизации и возможную причину дубликатов.,Календарь продублировал встречи. Удалите лишние.
Встречи из календаря отображаются не в том часовом поясе.,"Понимаю, насколько это неудобно. Проверьте часовой пояс рабочей области и календаря. Сообщите устройство и настройки часового пояса — мы поможем найти расхождение.",У Вас неправильный часовой пояс. Исправьте его.
Видеозвонок не запускается из браузера.,"Понимаю Ваше неудобство. Сообщите браузер, устройство и текст ошибки. Мы проверим разрешения камеры и микрофона и возможные ограничения браузера.",Браузер не поддерживает звонок. Используйте другой.
Во время звонка меня не слышно.,"Понимаю, как это мешает встрече. Проверьте выбранный микрофон и разрешение браузера на его использование. Если проблема сохраняется, сообщите устройство и браузер.",Микрофон не работает. Проверьте его.
Во время видеозвонка собеседник меня не видит.,"Понимаю Ваше неудобство. Проверьте, разрешён ли доступ к камере и выбрана ли правильная камера. Если проблема сохранится, сообщите модель устройства и браузер.",Камера выключена. Включите её.
Звонок постоянно обрывается.,"Понимаю, насколько это мешает разговору. Сообщите устройство, браузер и примерное качество соединения. Мы проверим возможные причины и настройки.",У Вас плохой интернет. Перезагрузите роутер.
После записи встречи файл не появляется.,"Понимаю Ваше беспокойство. Сообщите дату и время встречи и рабочую область, чтобы мы проверили статус обработки записи.",Запись ещё обрабатывается. Подождите.
Не могу скачать запись встречи.,Понимаю Ваше неудобство. Сообщите дату встречи и текст ошибки при скачивании. Мы проверим права доступа и статус записи.,"Если не скачивается, значит файл ещё не готов."
Мне нужен доступ к записи старой встречи.,"Понимаю Вашу задачу. Сообщите дату встречи и рабочую область. Мы проверим, сохранилась ли запись и есть ли у Вашего аккаунта доступ.",Старые записи могли удалиться. Посмотрите сами.
Не могу удалить запись встречи.,"Понимаю Ваше неудобство. Возможность удаления зависит от роли пользователя и политики хранения. Сообщите рабочую область и дату записи, чтобы мы проверили доступ.","Если кнопки нет, значит удалять нельзя."
Транскрипция встречи содержит много ошибок.,"Понимаю Ваше недовольство — неточная транскрипция может существенно снизить её полезность. Сообщите дату встречи и язык разговора, чтобы мы проверили настройки распознавания и доступные способы исправления.",Распознавание иногда ошибается. Исправляйте текст вручную.
Сервис неправильно определяет язык разговора.,"Понимаю Ваше неудобство. Сообщите язык встречи и рабочую область, чтобы мы проверили настройки распознавания и поддерживаемые языки.",Сервис ошибся с языком. Выберите правильный вручную.
В транскрипции пропали первые десять минут встречи.,"Понимаю Ваше беспокойство. Сообщите дату и время встречи и идентификатор записи, если он есть. Мы проверим исходную запись и обработку транскрипции.",Значит запись началась позже. Проверьте файл.
Участник не получил приглашение на встречу.,"Понимаю Ваше неудобство. Проверьте адрес участника и папку «Спам». Если приглашение не пришло, сообщите дату встречи и адрес получателя — мы проверим отправку.","Пусть проверит спам. Если нет, отправьте ещё раз."
Приглашение на встречу показывает неправильное время.,"Понимаю Ваше беспокойство. Такое может быть связано с часовым поясом. Сообщите время встречи и часовой пояс организатора и участника, чтобы мы проверили настройки.",У кого-то неправильный часовой пояс. Исправьте его.
Не могу принять приглашение в рабочую область.,Понимаю Ваше неудобство. Сообщите текст ошибки и адрес рабочей области. Мы проверим статус приглашения и Ваши права.,Приглашение не принимается. Пусть отправят новое.
Рабочая область исчезла из моего списка.,"Понимаю Ваше беспокойство. Сообщите адрес аккаунта и название рабочей области. Мы проверим, сохранился ли доступ и не изменились ли Ваши права.","Наверное, Вас удалили из рабочей области. Попросите администратора."
"Администратор говорит, что я есть в рабочей области, но я её не вижу.","Понимаю, что это вызывает путаницу. Сообщите название рабочей области и адрес аккаунта, чтобы мы проверили членство и отображение доступов.",Пусть администратор добавит Вас ещё раз.
Не могу сменить роль сотрудника.,"Понимаю Ваше неудобство. Возможность изменения роли зависит от Ваших административных прав. Сообщите текущую роль и рабочую область, чтобы мы проверили доступные действия.",У Вас нет прав. Пусть другой администратор поменяет.
Удалённый сотрудник всё ещё имеет доступ.,"Понимаю Ваше беспокойство — при удалении пользователя важно своевременно закрыть доступ. Сообщите рабочую область и идентификатор пользователя, чтобы мы проверили его текущий статус.","Если удалили, доступ скоро пропадёт. Подождите."
Мне нужно временно отключить доступ сотрудника.,"Понимаю Вашу задачу. Мы можем подсказать, поддерживает ли рабочая область временную блокировку пользователя. Сообщите Вашу роль и тип тарифа.","Удалите сотрудника, а потом добавьте обратно."
"Сотрудник не видит часть функций, которые доступны остальным.","Понимаю, что различия в доступе могут мешать работе. Сообщите его роль и название функции, к которой нет доступа. Мы проверим разрешения и настройки тарифа.",Значит у него другая роль. Поменяйте её.
"Не понимаю, почему у администратора нет доступа к одному разделу.","Понимаю Ваш вопрос. Доступ может зависеть от конкретной роли и политики безопасности. Сообщите название раздела и рабочую область, чтобы мы проверили права.",Администратор не всегда имеет всё. Пусть другой пользователь откроет.
Мне нужно передать права владельца другому сотруднику.,"Понимаю Вашу задачу. Передача прав владельца может требовать подтверждения и зависит от настроек рабочей области. Сообщите текущую роль и тип аккаунта, чтобы мы подскажем порядок действий.","Передайте владельца в настройках, если кнопка есть."
"Владелец компании уволился, а доступ остался только у обычных пользователей.","Понимаю, насколько важна такая ситуация для непрерывности работы. Сообщите рабочую область и текущие роли пользователей. Мы проверим доступный безопасный процесс восстановления административного доступа.","Попросите бывшего владельца войти. Если не может, создайте новый аккаунт."
Не могу изменить название рабочей области.,"Понимаю Ваше неудобство. Возможность изменения названия зависит от роли и настроек аккаунта. Сообщите текущую роль и название рабочей области, чтобы мы проверили доступ.","Если не меняется, значит нет прав."
После изменения названия рабочей области сотрудники всё ещё видят старое.,Понимаю Ваше недоумение. Изменение может отображаться не сразу во всех интерфейсах. Сообщите рабочую область и время изменения — мы проверим синхронизацию.,Кэш не обновился. Пусть перезайдут.
Не могу удалить рабочую область.,"Понимаю Ваше неудобство. Удаление может требовать прав владельца и дополнительных подтверждений. Сообщите Вашу роль и название рабочей области, чтобы мы подскажем порядок действий.","Если не удаляется, значит Вы не владелец."
Я удалил рабочую область случайно. Можно восстановить?,"Понимаю Ваше беспокойство — случайное удаление действительно серьёзная ситуация. Сообщите название рабочей области и примерное время удаления. Мы проверим, доступно ли восстановление.",Удалили — значит удалили. Восстановление обычно невозможно.
Не могу найти удалённый проект.,"Понимаю Ваше беспокойство. Проверьте архив и корзину, если они доступны. Сообщите название проекта и примерное время удаления — мы проверим возможные варианты восстановления.","Посмотрите в корзине. Если нет, значит всё потеряно."
"Проект открылся, но часть файлов в нём отсутствует.","Понимаю Ваше беспокойство. Сообщите название проекта и период, когда файлы были доступны в последний раз. Мы проверим историю изменений и возможное восстановление.","Наверное, кто-то удалил файлы. Посмотрите журнал."
Файл в проекте внезапно стал пустым.,Понимаю Ваше беспокойство. Не сохраняйте поверх файла дополнительные изменения. Сообщите название файла и примерное время изменения — мы проверим историю версий.,"Файл пустой, значит его перезаписали. Восстановите из резервной копии."
Мне нужно восстановить предыдущую версию документа.,"Конечно. Если история версий доступна для Вашего тарифа, мы поможем найти нужную версию. Сообщите название документа и примерное время, к которому нужно вернуться.",Откройте историю версий и восстановите сами.
История версий документа исчезла.,"Понимаю Ваше беспокойство. Сообщите название документа, рабочую область и примерный период изменений. Мы проверим доступность истории и настройки хранения.",История могла удалиться по сроку хранения. Ничего не сделать.
Не могу поделиться документом с внешним пользователем.,Понимаю Вашу задачу. Возможность внешнего доступа может зависеть от настроек безопасности рабочей области. Сообщите тип документа и текст ошибки — мы проверим разрешения.,"Внешний доступ, наверное, запрещён. Пусть создаст аккаунт."
"Ссылка на документ работает у меня, но у коллеги пишет «нет доступа».","Понимаю Ваше неудобство. Проверьте, предоставлен ли доступ именно его аккаунту. Сообщите тип ссылки и рабочую область, чтобы мы проверили разрешения.",Значит коллега не имеет доступа. Добавьте его.
Документ случайно стал доступен всем по ссылке.,"Понимаю Ваше беспокойство — настройки общего доступа важно исправить как можно скорее. Отключите публичную ссылку, если это возможно, и сообщите документ и рабочую область. Мы поможем проверить доступы.","Просто выключите ссылку. Наверное, сами её включили."
"Нужно проверить, кто имеет доступ к конкретной папке.","Конечно. Сообщите название папки и рабочую область. Мы подскажем, где посмотреть текущие разрешения и участников с доступом.",Посмотрите настройки папки. Там всё должно быть.
Не могу изменить права доступа к папке.,"Понимаю Ваше неудобство. Возможность изменения прав зависит от роли и владельца папки. Сообщите рабочую область и Вашу роль, чтобы мы проверили доступ.",У Вас нет прав. Попросите владельца.
Синхронизация файлов с компьютером перестала работать.,"Понимаю, как это мешает работе. Сообщите операционную систему, версию приложения синхронизации и время возникновения проблемы. Мы проверим состояние подключения.","Перезапустите приложение. Наверное, поможет."
Файлы синхронизируются очень медленно.,"Понимаю Ваше неудобство. Скорость может зависеть от объёма файлов, соединения и нагрузки. Сообщите размер папки и устройство, чтобы мы проверили возможную причину.",Большие файлы всегда долго синхронизируются.
Некоторые файлы не синхронизируются вообще.,"Понимаю Ваше беспокойство. Сообщите названия или типы проблемных файлов, не передавая содержимое, и текст ошибки. Мы проверим ограничения и состояние синхронизации.","Наверное, эти файлы не поддерживаются. Посмотрите формат."
Синхронизация создала копии одного и того же файла.,"Понимаю Ваше неудобство. Сообщите название файла и время появления копий. Мы проверим историю синхронизации и подскажем, как безопасно объединить изменения.",Синхронизация сделала дубликаты. Удалите лишние.
После установки приложения компьютер стал сильно тормозить.,"Понимаю Ваше беспокойство. Сообщите операционную систему, версию приложения и примерную нагрузку на устройство. Мы проверим системные требования и известные проблемы.",Приложение тяжёлое. Закройте другие программы.
Приложение постоянно закрывается само.,"Понимаю, насколько это мешает работе. Сообщите устройство, версию приложения и момент, когда происходит сбой. Мы проверим возможные причины и доступные решения.",Приложение падает. Переустановите его.
После переустановки приложения настройки исчезли.,"Понимаю Ваше беспокойство. Если настройки должны синхронизироваться с аккаунтом, сообщите адрес рабочей области и версию приложения. Мы проверим, сохранились ли данные на сервере.",После переустановки настройки могли удалиться. Настройте всё заново.
Не могу обновить приложение до новой версии.,"Понимаю Ваше неудобство. Сообщите устройство, операционную систему и текст ошибки магазина приложений. Мы проверим совместимость и доступность обновления.",Обновление не ставится. Попробуйте позже.
Новая версия приложения требует слишком много места.,Понимаю Ваше неудобство. Сообщите модель устройства и свободный объём памяти. Мы проверим минимальные требования и возможные способы установки.,Освободите место на телефоне. Иначе никак.
Приложение не поддерживает мою старую версию операционной системы.,"Понимаю, что это может быть неудобно. Сообщите модель устройства и версию операционной системы. Мы проверим минимальные требования и доступные альтернативы.",Старая система не поддерживается. Купите новый телефон.
"Веб-версия работает, а мобильное приложение показывает ошибку.","Понимаю Ваше неудобство. Сообщите модель устройства, версию приложения и текст ошибки. Мы проверим, связана ли проблема именно с мобильной версией.","Раз веб работает, пользуйтесь веб-версией."
"На iPhone приложение работает, а на Android нет.","Понимаю Ваше неудобство. Сообщите модель Android-устройства, версию системы и приложения и текст ошибки. Мы проверим совместимость и известные проблемы.",Значит Android не поддерживается. Пользуйтесь iPhone.
"Приложение просит доступ к камере, но камера всё равно не работает.","Понимаю Ваше неудобство. Проверьте разрешение камеры в системных настройках и выбранную камеру внутри приложения. Если проблема останется, сообщите модель устройства.","Разрешите камеру в настройках. Если не работает, значит камера сломана."
Не могу отправить фотографию через приложение.,"Понимаю Ваше неудобство. Сообщите размер и формат фотографии, а также текст ошибки. Мы проверим ограничения загрузки.",Фото слишком большое. Уменьшите его.
Приложение не отправляет push-уведомления.,"Понимаю, насколько это неудобно. Проверьте разрешения уведомлений и режим энергосбережения. Если проблема сохраняется, сообщите устройство и версию приложения.",Уведомления выключены. Включите их.
Уведомления приходят только после открытия приложения.,"Понимаю Ваше неудобство. Такое может происходить из-за ограничений фоновой работы или энергосбережения. Сообщите устройство и версию системы, чтобы мы подсказали настройки.",Телефон блокирует фоновые процессы. Отключите экономию энергии.
Не могу найти настройку уведомлений.,"Понимаю Ваше затруднение. Сообщите версию приложения и устройство, и мы подскажем, где находится нужная настройка.",Настройки находятся в меню. Поищите.
"Хочу отключить рекламные push-уведомления, но оставить важные.","Понимаю Ваше желание получать только действительно важные сообщения. Сообщите устройство и версию приложения — мы подскажем, как разделить типы уведомлений, если такая настройка доступна.",Отключите уведомления полностью.
Не могу изменить язык интерфейса.,"Понимаю Ваше неудобство. Сообщите устройство и версию приложения. Мы проверим, где находится настройка языка и поддерживается ли нужный язык.",Язык меняется в настройках. Найдите этот раздел.
После смены языка часть интерфейса осталась на английском.,"Понимаю Ваше недовольство. Сообщите версию приложения и конкретные разделы, которые остались на английском. Мы проверим локализацию.",Не всё переведено. Придётся привыкнуть.
На сайте текст отображается с неправильными символами.,"Понимаю Ваше неудобство. Сообщите браузер, язык системы и страницу, где возникает проблема. Мы проверим кодировку и локализацию.",У Вас проблема с кодировкой. Попробуйте другой браузер.
"Сайт не открывается в одном браузере, но работает в другом.",Понимаю Ваше неудобство. Сообщите название и версию проблемного браузера и адрес страницы. Мы проверим совместимость и возможные ограничения.,"Пользуйтесь браузером, где работает."
Страница бесконечно загружается.,"Понимаю Ваше раздражение. Сообщите адрес страницы, браузер и примерное время проблемы. Мы проверим, есть ли сбой на стороне сервиса.","Перезагрузите страницу. Наверное, интернет плохой."
Сайт показывает белый экран после входа.,"Понимаю Ваше неудобство. Сообщите браузер, устройство и время возникновения проблемы. Мы проверим загрузку интерфейса и возможные ошибки.",Белый экран значит сайт не загрузился. Очистите кэш.
После очистки кэша проблема всё равно осталась.,"Понимаю, что повторение стандартных действий не помогло. Давайте проверим ситуацию глубже. Сообщите браузер, устройство и точное место возникновения ошибки.",Тогда попробуйте другой компьютер.
Не могу выйти из аккаунта на чужом компьютере.,"Понимаю Ваше беспокойство. Если Вы уже не имеете доступа к этому компьютеру, проверьте в настройках безопасности функцию завершения всех активных сеансов. Если её нет, сообщите тип аккаунта — мы подскажем безопасный вариант.","Просто выйдите там, где вошли."
"Я потерял доступ к старому компьютеру, где был открыт аккаунт.","Понимаю Ваше беспокойство. Рекомендуем сменить пароль и завершить активные сеансы через настройки безопасности, если такая возможность доступна. Мы также можем проверить дополнительные меры защиты.",Поменяйте пароль. Старый компьютер уже не нужен.
В списке устройств отображается незнакомый компьютер.,"Понимаю Ваше беспокойство. Если устройство Вам неизвестно, завершите его сеанс и смените пароль через официальный канал. Сообщите дату последней активности, если она отображается.",Удалите устройство из списка и всё.
Не могу удалить старое устройство из аккаунта.,Понимаю Ваше беспокойство. Сообщите тип устройства и текст ошибки. Мы проверим доступный способ завершения его сеанса и защиты аккаунта.,"Если не удаляется, просто поменяйте пароль."
После смены пароля старое устройство всё ещё показывает активную сессию.,"Понимаю Ваше беспокойство. Сообщите тип устройства и время смены пароля. Мы проверим, должна ли сессия завершиться автоматически и какие дополнительные действия доступны.",Сессия не сразу закрывается. Подождите.
Я не узнаю устройство в списке входов.,"Понимаю Ваше беспокойство. Если устройство Вам неизвестно, рекомендуем сменить пароль и завершить его сеанс. Сообщите дату и время входа, чтобы мы помогли проверить информацию.","Наверное, это старый телефон. Просто удалите его."
Мне нужно посмотреть историю входов в аккаунт.,"Конечно. Проверьте раздел безопасности или активности аккаунта. Если Вы не находите его, сообщите тип аккаунта — мы подскажем, где доступна история входов.",История входов обычно в безопасности. Ищите там.
Не могу включить двухфакторную защиту через приложение.,"Понимаю Ваше желание усилить защиту аккаунта. Сообщите тип второго фактора и текст ошибки, чтобы мы проверили настройки и доступный способ включения.",Просто включите 2FA в настройках.
Резервные коды двухфакторной защиты потерялись.,"Понимаю Ваше беспокойство. Не публикуйте резервные коды в чате. Если Вы всё ещё можете войти в аккаунт, создайте новый набор кодов в настройках безопасности. Если доступа нет, сообщите тип защиты — мы подскажем восстановление.",Создайте новые коды. Старые уже потеряны.
Приложение-аутентификатор удалилось с телефона.,"Понимаю Вашу ситуацию. Если у Вас есть резервные коды или другой способ подтверждения, используйте его. Если доступа нет, сообщите тип аккаунта и способ двухфакторной защиты — мы подскажем процедуру восстановления.",Без приложения ничего не сделать. Установите его снова.
Не могу синхронизировать приложение-аутентификатор.,"Понимаю Ваше неудобство. Проверьте автоматическую установку даты и времени на устройстве. Если коды всё равно не принимаются, сообщите тип аутентификатора и текст ошибки.",Синхронизируйте время. Всё должно заработать.
Мне нужно отключить старый номер для SMS-кодов.,"Понимаю Вашу задачу. Если старый номер ещё доступен, рекомендуем сначала добавить новый способ подтверждения. Если доступа к нему нет, сообщите тип аккаунта — мы подскажем безопасный порядок восстановления.",Удалите старый номер в настройках.
"Я изменил номер, но SMS-коды всё ещё приходят на старый.","Понимаю Ваше беспокойство. Сообщите дату изменения номера и канал, через который оно было выполнено. Мы проверим, какой номер сейчас используется для подтверждения.",Система не обновилась. Подождите.
"Номер изменился, но приложение показывает старый.",Понимаю Ваше неудобство. Сообщите версию приложения и дату изменения номера. Мы проверим синхронизацию данных аккаунта.,"Перезапустите приложение. Наверное, кэш старый."
Я не могу подтвердить новый номер.,"Понимаю Ваше неудобство. Сообщите текст ошибки и способ подтверждения. Мы проверим, почему новый номер не проходит проверку.",Номер неправильный. Попробуйте другой.
"Система говорит, что SMS-код просрочен, хотя я ввёл его сразу.","Понимаю Ваше раздражение. Сообщите время получения и ввода кода и тип устройства. Мы проверим, не возникла ли задержка доставки или рассинхронизация.",Код просрочился. Запросите новый.
Я получил два разных кода одновременно.,"Понимаю Ваше недоумение. Используйте только самый последний код, если система не указала иное. Если ситуация повторяется, сообщите время запросов — мы проверим доставку.",Используйте последний код. Остальные игнорируйте.
"Мне приходят коды входа, хотя я не пытаюсь войти.","Понимаю Ваше беспокойство. Это может означать попытки входа в аккаунт. Не сообщайте коды другим людям, смените пароль и проверьте активные сеансы. Мы можем помочь проверить безопасность аккаунта.",Кто-то пытается войти. Просто игнорируйте SMS.
"Я не заказывал сброс пароля, но получил письмо.","Понимаю Ваше беспокойство. Не переходите по ссылке из письма, если Вы не инициировали сброс. Рекомендуем проверить активность аккаунта и сменить пароль при подозрении на несанкционированный доступ.",Кто-то запросил пароль. Игнорируйте письмо.
Мне нужно восстановить аккаунт после удаления приложения.,"Понимаю Ваше беспокойство. Удаление приложения обычно не удаляет сам аккаунт. Установите приложение снова и войдите прежними данными. Если вход не удаётся, сообщите текст ошибки.",Переустановите приложение и войдите. Всё просто.
После переустановки я не вижу старые данные.,"Понимаю Ваше беспокойство. Проверьте, что вошли именно в тот аккаунт, где хранились данные. Сообщите адрес рабочей области и период, за который отсутствуют данные, чтобы мы проверили их наличие.","Наверное, вошли не в тот аккаунт. Проверьте email."
"Вошёл через Google, но оказался в пустом новом аккаунте.","Понимаю Ваше недоумение. Возможно, вход выполнен с другим Google-аккаунтом или использовался другой способ регистрации. Сообщите адрес рабочей области и способ прежнего входа, чтобы мы помогли найти исходный аккаунт.",Вы вошли не через тот Google. Попробуйте другой.
После входа через Apple данные тоже не отображаются.,"Понимаю Ваше беспокойство. При входе через Apple важно проверить, какой адрес был использован для аккаунта. Сообщите способ прежней регистрации и отображаемый адрес, не передавая пароль.",Apple мог создать другой аккаунт. Войдите ещё раз.
Не могу связать два аккаунта в один.,"Понимаю Вашу задачу. Возможность объединения зависит от типа аккаунтов и наличия общих данных. Сообщите, какие аккаунты нужно объединить и какие данные важно сохранить.",Просто перенесите данные вручную.
Я зарегистрировал второй аккаунт случайно.,"Понимаю, такое действительно может произойти. Сообщите, какой аккаунт нужно сохранить и есть ли на втором важные данные. Мы проверим доступные варианты закрытия или переноса.",Удалите второй аккаунт.
"Не могу удалить второй аккаунт, потому что он связан с подпиской.","Понимаю Ваше неудобство. Перед удалением может потребоваться отменить активную подписку или закрыть обязательства. Сообщите адрес аккаунта, и мы подскажем порядок действий.",Сначала отмените подписку. Потом удалите аккаунт.
Я оплатил подписку не на том аккаунте.,"Понимаю Ваше беспокойство. Сообщите идентификаторы обоих аккаунтов и дату платежа, не передавая платёжные реквизиты. Мы проверим возможные варианты переноса или возврата.",Оплатили не тот аккаунт — сами виноваты. Переноса нет.
Мне нужно перенести подписку на другой аккаунт.,"Понимаю Вашу задачу. Возможность переноса зависит от типа подписки и аккаунтов. Сообщите дату оплаты и тип тарифа, чтобы мы проверили доступные варианты.",Подписки обычно не переносятся. Купите новую.
"Я оплатил годовую подписку, но хочу перейти на месячную.","Понимаю Ваше желание изменить формат подписки. Возможность перехода и условия расчёта зависят от текущего тарифа. Сообщите дату оплаты и название плана, чтобы мы проверили доступные варианты.",Перейдите на месячный тариф в настройках.
После перехода на другой тариф списали полную сумму.,"Понимаю Ваш вопрос — при смене тарифа важно понимать, как рассчитана итоговая сумма. Сообщите предыдущий и новый тариф и дату изменения, чтобы мы проверили расчёт.",Новый тариф стоит столько. Всё нормально.
"Мне обещали возврат при переходе на более дешёвый тариф, но денег нет.","Понимаю Ваше беспокойство. Сообщите дату смены тарифа и номер операции, чтобы мы проверили расчёт возврата и его статус.",Возврат придёт позже. Ждите.
"Тариф изменился сам, хотя я ничего не нажимал.",Понимаю Ваше беспокойство. Сообщите адрес аккаунта и дату изменения тарифа. Мы проверим историю изменений и связанные операции.,"Наверное, подписка автоматически продлилась. Проверьте настройки."
Мне пришло уведомление о повышении цены подписки.,"Понимаю Ваш вопрос. Сообщите название тарифа и дату получения уведомления, чтобы мы проверили условия изменения цены и дату вступления новых условий в силу.","Цены иногда повышаются. Если не нравится, отмените подписку."
Я не согласен с новой ценой подписки.,"Понимаю Ваше недовольство изменением стоимости. Сообщите название тарифа и дату уведомления, чтобы мы уточнили применяемые условия и доступные варианты.","Цена изменилась, ничего не поделать."
Подписка продлилась раньше ожидаемой даты.,Понимаю Ваше беспокойство. Сообщите название тарифа и дату списания. Мы проверим дату продления и условия подписки.,Подписка продлевается автоматически. Вы должны были отменить её.
"Хочу узнать, когда закончится текущий период подписки.","Конечно. Сообщите адрес аккаунта или название тарифа, и мы подскажем, где посмотреть дату окончания текущего периода.",Посмотрите дату окончания в настройках.
Не могу найти историю платежей по подписке.,"Понимаю Ваше неудобство. Сообщите тип аккаунта и период, за который нужна история. Мы подскажем, где посмотреть операции и документы.",История находится в настройках оплаты. Поищите.
Мне нужен счёт на юридическое лицо за подписку.,"Конечно. Сообщите период, название тарифа и данные, которые должны быть указаны в счёте, без передачи лишних персональных данных. Мы подскажем порядок получения документа.",Введите реквизиты компании в настройках и скачайте счёт.
В счёте указано неправильное название компании.,"Понимаю Ваше неудобство. Сообщите номер счёта и правильные реквизиты компании. Мы проверим, можно ли исправить документ или оформить новый.",Исправьте реквизиты в настройках. Старый счёт уже не поменять.
В счёте неверно указан ИНН.,Понимаю Ваше беспокойство. Сообщите номер счёта и правильные реквизиты через защищённый канал. Мы проверим возможность корректировки документа.,Значит реквизиты ввели неправильно. Исправьте сами.
Не могу добавить реквизиты компании.,Понимаю Ваше неудобство. Сообщите тип ошибки и страну регистрации компании. Мы проверим требования к реквизитам и доступность функции.,Реквизиты неправильные. Проверьте их.
Мне нужен акт за прошлый месяц.,"Конечно. Сообщите период и аккаунт, для которого нужен акт. Мы подскажем, где его получить или запросить.",Акты находятся в документах. Скачайте сами.
Акт не подписывается электронной подписью.,"Понимаю Ваше неудобство. Сообщите формат документа, используемый способ подписи и текст ошибки. Мы проверим возможную причину.",Электронная подпись не работает. Попробуйте ещё раз.
"Документ подписан, но система показывает, что подпись недействительна.","Понимаю Ваше беспокойство. Сообщите номер документа и способ подписания, не передавая секретные ключи. Мы проверим статус подписи и доступную информацию о проверке.",Значит подпись неправильная. Подпишите ещё раз.
Не могу открыть электронный документ из письма.,Понимаю Ваше неудобство. Сообщите формат документа и текст ошибки при открытии. Мы проверим файл и при необходимости предложим другой способ его получить.,"Файл, наверное, повреждён. Попросите отправить ещё раз."
Ссылка на документ из письма уже не работает.,Понимаю Ваше неудобство. Сообщите номер документа и дату получения письма. Мы проверим срок действия ссылки и возможность повторной отправки.,Ссылка протухла. Попросите новую.
Не могу распечатать документ из личного кабинета.,"Понимаю Ваше неудобство. Сообщите браузер, устройство и название документа. Мы проверим функцию печати и предложим альтернативный способ скачать файл.",Скачайте PDF и распечатайте его сами.
PDF скачивается пустым.,"Понимаю Ваше беспокойство. Сообщите название документа, браузер и время скачивания. Мы проверим формирование файла и доступные способы получить корректную копию.",PDF сломался. Скачайте ещё раз.
В PDF вместо русского текста квадраты.,"Понимаю Ваше неудобство. Такая проблема может быть связана со шрифтом или формированием документа. Сообщите название документа и программу, в которой Вы его открываете.",У Вас нет нужного шрифта. Установите его.
"Мне нужен документ на русском, а система сформировала его на английском.",Понимаю Вашу задачу. Сообщите название документа и язык интерфейса аккаунта. Мы проверим доступные языковые настройки и возможность получить русскую версию.,Документ генерируется на английском. Переведите его сами.
Не могу изменить язык документов.,"Понимаю Ваше неудобство. Сообщите тип документа и язык, который требуется установить. Мы проверим доступные настройки.",Язык документа зависит от аккаунта. Ничего не сделать.
Система автоматически подставляет неправильное имя в документ.,Понимаю Ваше беспокойство. Сообщите номер документа и правильные данные. Мы проверим источник информации и возможность исправления.,Значит в профиле неправильное имя. Исправьте его.
После изменения реквизитов старые документы всё ещё содержат старые данные.,"Понимаю Ваш вопрос. Изменение реквизитов обычно не изменяет уже сформированные документы автоматически. Сообщите номера документов, которые требуется проверить, и мы уточним доступные варианты.",Старые документы уже не поменяются. Делайте новые.
Мне нужно удалить сохранённые реквизиты компании.,"Понимаю. Сообщите, используются ли эти реквизиты в активных подписках или документах. Мы подскажем безопасный порядок удаления или замены.",Удалите реквизиты в настройках.
Не могу сохранить новые реквизиты компании.,"Понимаю Ваше неудобство. Сообщите тип компании, страну регистрации и текст ошибки, не передавая лишние данные. Мы проверим требования к реквизитам.","Наверное, реквизиты введены неправильно."
Мне нужен счёт в другой валюте.,"Понимаю Вашу задачу. Возможность выставления счёта в определённой валюте зависит от тарифа, страны и способа оплаты. Сообщите нужную валюту и тип аккаунта.",Счёт выставляется только в валюте оплаты.
Почему сумма в счёте отличается от суммы списания из-за конвертации?,"Понимаю Ваш вопрос. Разница может возникать из-за курса конвертации или комиссии платёжного провайдера. Сообщите валюты, дату и суммы — мы проверим расчёт.",Курс меняется. Поэтому суммы разные.
Не могу оплатить иностранной картой.,"Понимаю Ваше неудобство. Сообщите страну выпуска карты, валюту и текст ошибки, не передавая полный номер карты. Мы проверим поддерживаемые способы оплаты.",Иностранные карты могут не работать. Используйте другую.
"Международная карта была отклонена, хотя раньше работала.","Понимаю Ваше недовольство. Сообщите дату операции, валюту и текст ошибки. Мы проверим причину отклонения и доступные способы оплаты.","Банк, наверное, заблокировал её. Попробуйте ещё раз."
Мне нужно оплатить счёт банковским переводом.,Конечно. Сообщите страну регистрации и номер счёта. Мы подскажем доступные банковские реквизиты и порядок указания назначения платежа.,Переведите деньги на реквизиты из счёта.
"Я оплатил банковским переводом, но счёт не закрыт.","Понимаю Ваше беспокойство. Сообщите номер счёта, дату и сумму перевода и приложите подтверждение без лишних банковских реквизитов. Мы проверим поступление платежа.",Банк ещё не передал деньги. Подождите.
Банковский перевод вернулся обратно.,"Понимаю Ваше беспокойство. Сообщите дату, сумму и назначение платежа, а также причину возврата, если банк её указал. Мы проверим возможные причины и дальнейшие действия.",Банк вернул перевод. Отправьте ещё раз.
Я указал неправильное назначение платежа.,"Понимаю Ваше беспокойство. Сообщите номер счёта и дату платежа. Мы проверим, можно ли сопоставить уже полученный перевод или потребуется корректировка.","Если неправильно указали, отправляйте новый перевод."
"Оплатил счёт от другой компании, но деньги ушли вам.","Понимаю Ваше беспокойство. Сообщите дату, сумму и идентификатор платежа, не передавая полные банковские реквизиты. Мы проверим возможность идентифицировать и вернуть ошибочный платёж.",Вы ошиблись получателем. Разбирайтесь со своим банком.
Мне вернули банковский перевод без объяснения.,"Понимаю Ваше недоумение. Сообщите дату, сумму и назначение платежа, а также причину возврата, если она указана банком. Мы проверим реквизиты и условия приёма платежа.",Значит реквизиты были неправильные. Отправьте снова.
Не могу оплатить счёт через корпоративный банковский аккаунт.,"Понимаю Ваше неудобство. Сообщите способ оплаты, банк и текст ошибки, не передавая секретные данные. Мы проверим доступные варианты расчёта.",Корпоративный банк не поддерживается. Используйте обычную карту.
Мне нужно изменить плательщика в счёте.,"Понимаю Вашу задачу. Сообщите номер счёта и причину изменения плательщика. Мы проверим, можно ли скорректировать документ до оплаты.",Плательщика менять нельзя. Выставляйте новый счёт.
"Счёт выставлен на физическое лицо, а нужен на компанию.",Понимаю Вашу задачу. Сообщите номер счёта и реквизиты компании через защищённый канал. Мы проверим возможность переоформления документа.,Надо было сразу указать компанию. Сделайте новый заказ.
Не могу применить корпоративную скидку.,"Понимаю Ваше неудобство. Сообщите название тарифа и условия корпоративной скидки, а также адрес рабочей области. Мы проверим право на скидку и настройки аккаунта.","Скидка не применяется, значит Вы её не получили."
"Нам обещали корпоративный тариф, но аккаунт показывает обычную цену.","Понимаю Ваш вопрос. Сообщите название компании, рабочую область и согласованные условия без конфиденциальных документов. Мы проверим статус корпоративного тарифа.","Если показывается обычная цена, значит корпоративного тарифа нет."
После оформления корпоративного тарифа цена не изменилась.,"Понимаю Ваше беспокойство. Сообщите дату оформления, название тарифа и рабочую область. Мы проверим, применились ли условия корпоративного плана.",Система обновится позже. Подождите.
Не могу добавить юридический адрес компании.,"Понимаю Ваше неудобство. Сообщите страну регистрации и текст ошибки, не передавая лишние персональные данные. Мы проверим требования к адресу.",Адрес введён неправильно. Проверьте его.
Система не принимает индекс компании.,"Понимаю Ваше неудобство. Сообщите страну и формат индекса, который Вы вводите, без полного адреса. Мы проверим требования поля.",Индекс должен быть правильным. Проверьте ещё раз.
Не могу добавить несколько адресов компании.,"Понимаю Вашу задачу. Сообщите, какие типы адресов нужно добавить и для чего они используются. Мы проверим доступные поля и ограничения.","Система, наверное, поддерживает только один адрес."
Нам нужно несколько пользователей с разными ролями.,"Понимаю Вашу задачу. Сообщите количество пользователей и необходимые роли. Мы проверим, какие права доступны в Вашем тарифе и как их настроить.",Создайте пользователей и назначьте роли сами.
Не могу ограничить сотруднику доступ к финансовым данным.,"Понимаю, насколько важно корректно разделить доступ. Сообщите название рабочей области и роль сотрудника. Мы проверим доступные разрешения и настройки безопасности.",Уберите сотрудника из рабочей области.
Нужно дать бухгалтеру доступ только к счетам.,"Понимаю Вашу задачу. Мы проверим, какая роль или набор разрешений позволяет предоставить доступ только к счетам. Сообщите тариф и текущую роль бухгалтера.","Дайте ему роль администратора, там всё будет."
"Администратор видит слишком много данных, нужно ограничить права.","Понимаю Ваше требование к разграничению доступа. Сообщите, какие разделы должны остаться доступными, и мы проверим подходящую роль или настройки разрешений.",Администратор по определению видит всё.
"Нужно посмотреть, кто изменил настройки аккаунта.","Понимаю Вашу задачу. Если журнал аудита доступен для Вашего тарифа, мы поможем найти нужные события. Сообщите рабочую область и примерный период.",Посмотрите журнал. Там должен быть пользователь.
В журнале аудита нет нужного события.,"Понимаю Ваше беспокойство. Сообщите рабочую область, тип изменения и примерное время. Мы проверим период хранения и наличие события в журнале.",Значит событие не записалось. Ничего не сделать.
Журнал аудита показывает неправильное время.,"Понимаю Ваше недоумение. Проверьте часовой пояс рабочей области и устройства. Сообщите пример события и отображаемое время, чтобы мы проверили настройки.",У Вас неправильный часовой пояс.
Мне нужно экспортировать журнал аудита.,"Конечно. Сообщите период и рабочую область. Мы подскажем, доступен ли экспорт и какой формат можно получить.","Экспортируйте журнал через кнопку, если она есть."
Экспорт журнала аудита не работает.,"Понимаю Ваше неудобство. Сообщите период, объём данных и текст ошибки. Мы проверим экспорт и возможный альтернативный способ получения журнала.",Попробуйте экспорт ещё раз.
Не могу найти настройки безопасности рабочей области.,"Понимаю Ваше затруднение. Сообщите Вашу роль и версию интерфейса. Мы подскажем, где находятся настройки безопасности и какие права для них нужны.",Они в настройках. Поищите раздел безопасности.
Хочу включить обязательную двухфакторную защиту для всех сотрудников.,"Понимаю Вашу задачу. Такая политика может зависеть от тарифа и административных прав. Сообщите тариф и тип рабочей области, чтобы мы проверили доступную настройку.",Включите 2FA для всех в настройках.
После включения обязательной 2FA сотрудник не может войти.,"Понимаю, что это мешает работе сотрудника. Сообщите его роль и способ двухфакторной аутентификации. Мы проверим, на каком этапе возникает проблема и какие варианты восстановления доступны.",Он должен настроить 2FA. Пусть сделает это.
Мне нужно отключить доступ бывшему сотруднику как можно скорее.,"Понимаю срочность. Если у Вас есть административные права, рекомендуем немедленно заблокировать пользователя и завершить его активные сеансы. Сообщите рабочую область и роль, если нужна помощь с конкретными настройками.",Удалите его из списка пользователей.
Бывший сотрудник всё ещё получает уведомления.,"Понимаю Ваше беспокойство. Сообщите его роль и тип уведомлений, которые продолжают поступать. Мы проверим активные подписки, права и контактные настройки.",Удалите его email из системы.
Мне нужно восстановить доступ сотруднику после блокировки.,"Понимаю Вашу задачу. Сообщите рабочую область, пользователя и причину блокировки, если она известна. Мы проверим статус и доступный способ восстановления.",Разблокируйте его в настройках.
Сотрудник заблокирован после неправильного пароля.,"Понимаю Ваше неудобство. Сообщите адрес пользователя и текст уведомления. Мы проверим, является ли блокировка временной и какие шаги доступны для восстановления доступа.",Пусть подождёт и попробует снова.
Не могу создать нового сотрудника с корпоративной почтой.,"Понимаю Ваше неудобство. Сообщите текст ошибки и домен компании, не передавая пароль. Мы проверим ограничения регистрации и настройки домена.",Корпоративная почта не подходит. Используйте личную.
"Система говорит, что домен компании уже подключён к другой рабочей области.",Понимаю Ваше недоумение. Подключение домена действительно может быть ограничено одной рабочей областью. Сообщите домен и названия рабочих областей — мы проверим статус и доступный порядок переноса.,Домен уже занят. Используйте другой.
"Нужно подтвердить корпоративный домен, но письмо не приходит.",Понимаю Ваше неудобство. Проверьте папки «Спам» и настройки почтового сервера. Сообщите домен и время последней попытки — мы проверим отправку подтверждения.,Письмо должно прийти. Проверьте спам.
"Домен подтверждён, но сотрудники всё равно не могут войти через SSO.","Понимаю, насколько это мешает команде. Сообщите провайдера SSO, текст ошибки и рабочую область. Мы проверим конфигурацию и параметры входа.",SSO настроен неправильно. Проверьте настройки.
SSO возвращает ошибку после обновления сертификата.,Понимаю Ваше беспокойство — проблемы с SSO могут полностью остановить вход сотрудников. Сообщите время обновления сертификата и текст ошибки без передачи закрытого ключа. Мы проверим конфигурацию.,Сертификат неправильный. Загрузите его ещё раз.
Не могу подключить SSO к рабочей области.,Понимаю Ваше неудобство. Сообщите провайдера идентификации и текст ошибки. Мы проверим требования и необходимые параметры подключения.,SSO сложный. Проверьте документацию.
После включения SSO один сотрудник всё ещё входит по паролю.,"Понимаю Ваш вопрос. Сообщите его роль и адрес аккаунта. Мы проверим, распространяется ли политика SSO на этого пользователя и какие исключения настроены.","Пусть входит через SSO, а не по паролю."
Не могу настроить автоматическое создание пользователей через SSO.,Понимаю Вашу задачу. Сообщите провайдера SSO и требуемые атрибуты пользователей. Мы проверим поддерживаемую конфигурацию.,Автоматическое создание надо настроить по документации.
При входе через SSO пользователь получает неправильную роль.,"Понимаю Ваше беспокойство. Сообщите роль, которую получает пользователь, и ожидаемую роль, а также используемый атрибут SSO. Мы проверим сопоставление ролей.",У Вас неправильно настроен маппинг. Исправьте его.
Не могу подключить корпоративный календарь.,Понимаю Ваше неудобство. Сообщите тип календаря и текст ошибки. Мы проверим необходимые разрешения и параметры интеграции.,Календарь не поддерживается. Используйте другой.
Сотрудники не видят общие события календаря.,Понимаю Ваше беспокойство. Сообщите рабочую область и тип календарной интеграции. Мы проверим права доступа и синхронизацию событий.,Значит у них нет доступа к календарю.
"Синхронизация календаря удаляет встречи, которых не должно быть в системе.","Понимаю Ваше беспокойство. Пока лучше приостановить синхронизацию, чтобы избежать дальнейших изменений. Сообщите тип календаря и время начала проблемы — мы проверим журнал синхронизации.",Остановите синхронизацию и восстановите встречи сами.
Интеграция с CRM создаёт дубликаты контактов.,"Понимаю Ваше беспокойство — дубликаты могут повлиять на качество клиентских данных. Сообщите тип интеграции и пример контакта, который дублируется. Мы проверим правила сопоставления.",CRM создаёт дубли. Удалите их вручную.
Интеграция с CRM перестала обновлять сделки.,"Понимаю, насколько это важно для работы отдела. Сообщите идентификатор интеграции и время последнего успешного обновления. Мы проверим соединение и журналы синхронизации.","Переподключите CRM. Наверное, токен истёк."
Не могу подключить CRM к сервису.,Понимаю Ваше неудобство. Сообщите название CRM и текст ошибки. Мы проверим требования интеграции и необходимые разрешения.,CRM не подключается. Проверьте токен.
После подключения CRM часть полей не передаётся.,Понимаю Ваше беспокойство. Сообщите названия отсутствующих полей и направление синхронизации. Мы проверим сопоставление полей и ограничения интеграции.,Поля не настроены. Добавьте их вручную.
Интеграция передаёт неправильные значения в одно поле.,Понимаю Ваше беспокойство. Сообщите название поля и пример ожидаемого и фактического значения без клиентских данных. Мы проверим правила преобразования.,Маппинг неправильный. Исправьте его.
После отключения интеграции данные продолжают синхронизироваться.,"Понимаю Ваше беспокойство. Сообщите название интеграции и время отключения. Мы проверим, действительно ли соединение полностью отключено и есть ли отложенные операции.",Синхронизация ещё не остановилась. Подождите.
"Мне нужно удалить все данные, полученные через интеграцию.","Понимаю Вашу задачу. Сообщите название интеграции и типы данных, которые требуется удалить. Мы подскажем безопасный порядок удаления и возможные ограничения.",Удалите данные вручную из всех разделов.
Не могу подключить Google Drive к рабочей области.,"Понимаю Ваше неудобство. Сообщите текст ошибки и аккаунт, с которого выполняется подключение, без передачи пароля. Мы проверим разрешения и статус интеграции.",Google Drive не подключается. Попробуйте ещё раз.
Файлы из Google Drive не появляются в сервисе.,Понимаю Ваше беспокойство. Сообщите рабочую область и время последней синхронизации. Мы проверим доступ интеграции и статус импорта файлов.,Синхронизация не работает. Переподключите Drive.
После отключения Google Drive файлы остались в сервисе.,"Понимаю Ваш вопрос. Отключение интеграции не всегда удаляет уже импортированные данные. Сообщите, какие файлы нужно удалить, чтобы мы проверили доступный способ.","Интеграция отключена, но файлы уже скопированы. Удалите их сами."
Не могу подключить Dropbox.,Понимаю Ваше неудобство. Сообщите текст ошибки и тип аккаунта Dropbox. Мы проверим необходимые разрешения и статус подключения.,Dropbox не работает. Попробуйте позже.
Синхронизация Dropbox создаёт дубликаты файлов.,Понимаю Ваше беспокойство. Сообщите название файла и примерное время появления копий. Мы проверим настройки синхронизации и поможем избежать дальнейших дубликатов.,Удалите дубликаты и всё.
Интеграция с почтой не импортирует новые письма.,"Понимаю, насколько это мешает работе. Сообщите тип почтового сервиса и время последнего успешного импорта. Мы проверим подключение и разрешения.",Почта не синхронизируется. Переподключите её.
Система импортировала слишком много писем.,"Понимаю Ваше беспокойство. Сообщите период импорта и настройки фильтрации. Мы проверим, почему были обработаны лишние письма и как ограничить дальнейший импорт.",Фильтр был неправильный. Настройте его лучше.
"Почта импортируется, но вложения отсутствуют.",Понимаю Ваше неудобство. Сообщите тип почтового сервиса и пример письма без конфиденциального содержимого. Мы проверим ограничения обработки вложений.,Вложения не поддерживаются. Скачивайте их отдельно.
Не могу отправить письмо из CRM.,"Понимаю Ваше неудобство. Сообщите текст ошибки, рабочую область и способ отправки. Мы проверим настройки почты и доступные ограничения.",Почта не отправляется. Проверьте SMTP.
Письма из CRM уходят с неправильным адресом отправителя.,Понимаю Ваше беспокойство. Сообщите рабочую область и ожидаемый адрес отправителя. Мы проверим настройки домена и почтового подключения.,Поставьте правильный адрес в настройках.
Клиенты не получают автоматические письма.,"Понимаю, насколько это важно для коммуникации с клиентами. Сообщите тип письма, время отправки и рабочую область. Мы проверим очередь и статус доставки.","Наверное, письма попали в спам. Проверьте."
Автоматические письма приходят клиентам с большой задержкой.,"Понимаю Ваше беспокойство. Сообщите несколько примеров с временем события и доставки. Мы проверим, на каком этапе возникает задержка.",Почта может задерживаться. Это нормально.
Письма приходят клиентам дважды.,Понимаю Ваше беспокойство — дублирование уведомлений может негативно влиять на коммуникацию. Сообщите пример письма и время двух отправок. Мы проверим правила автоматизации.,Автоматизация сработала два раза. Удалите одно письмо.
Не могу изменить шаблон письма.,Понимаю Ваше неудобство. Сообщите название шаблона и текст ошибки. Мы проверим Ваши права и ограничения редактора.,Шаблон защищён. Администратор должен изменить.
Переменные в шаблоне письма не подставляются.,Понимаю Ваше неудобство. Сообщите название переменной и пример ожидаемого результата без персональных данных. Мы проверим синтаксис и доступность поля.,Переменная написана неправильно. Исправьте её.
В письме отображается пустое имя клиента.,"Понимаю Ваше беспокойство. Сообщите название шаблона и поле, из которого должно подставляться имя. Мы проверим источник данных и настройки.",У клиента нет имени в базе. Добавьте его.
Клиент получил письмо с неправильной суммой.,Понимаю Ваше беспокойство — финансовая информация в письме должна быть корректной. Сообщите идентификатор шаблона и пример операции без клиентских данных. Мы проверим источник суммы.,Значит в базе неправильная сумма. Исправьте её.
Не могу создать автоматическое правило.,"Понимаю Ваше неудобство. Сообщите, какое правило Вы хотите создать и на каком шаге появляется ошибка. Мы проверим доступные условия и права.",Правило не создаётся. Попробуйте ещё раз.
Автоматическое правило срабатывает не на все записи.,"Понимаю Ваше беспокойство. Сообщите условия правила и пример записи, на которой оно не сработало. Мы проверим фильтры и порядок обработки.",Значит запись не подходит под условие. Проверьте правило.
"Я оформил доставку на дом, но курьер привёз заказ в пункт выдачи, хотя я специально выбирал адресную доставку.","Понимаю Ваше недовольство: Вы выбрали доставку по адресу и вправе ожидать, что заказ привезут именно туда. Сообщите номер заказа, и мы проверим способ доставки и возможность повторной доставки по указанному адресу.","Ну значит курьер так решил. Забери из пункта, раз уж приехало."
"В корзине была одна цена, а при оформлении заказа она внезапно выросла. Почему стоимость меняется прямо перед оплатой?","Понимаю Ваше недоумение — неожиданное изменение стоимости перед оплатой действительно вызывает вопросы. Пришлите номер товара или скриншот корзины, и мы проверим, чем была вызвана разница в цене.","Цена могла измениться. Такое бывает, просто плати по новой цене."
"Мне прислали товар без инструкции на русском языке. Как я вообще должен понять, как им пользоваться?","Понимаю Ваше неудобство: инструкция на понятном Вам языке действительно важна для безопасного и корректного использования товара. Сообщите модель товара и номер заказа, и мы проверим возможность предоставить электронную инструкцию на русском языке.",Инструкцию можно найти в интернете. Поищи по модели.
"Я отменил заказ почти сразу после оформления, но его всё равно отправили. Почему система не учла отмену?","Понимаю Ваше недовольство — если Вы отменили заказ вовремя, его дальнейшая отправка действительно требует пояснения. Сообщите номер заказа и время отмены, чтобы мы проверили последовательность обработки и доступные варианты возврата.",Значит отмена не успела пройти. Теперь получишь посылку и вернёшь.
"У товара закончилась гарантия, но проблема появилась ещё до её окончания. Что мне теперь делать?","Понимаю Вашу ситуацию: если неисправность возникла в гарантийный период, важно проверить дату обращения и обстоятельства проблемы. Сообщите дату покупки, номер заказа и когда Вы впервые сообщили о неисправности — мы проверим доступные варианты дальнейшего обслуживания.","Если гарантия закончилась, значит ничего сделать нельзя."
"В приложении отображается старый статус заказа, хотя я уже получил посылку три дня назад.","Понимаю, что устаревший статус может вызывать сомнения. Если заказ уже получен, мы проверим, почему информация не обновилась. Сообщите номер заказа, и мы сверим данные доставки и фактическое состояние заказа.",Приложение просто тормозит. Не обращай внимания.
"Я заказал подарок к конкретной дате, а вы перенесли доставку на неделю позже. Теперь он мне уже не нужен.","Понимаю Ваше разочарование: если заказ был нужен к определённой дате, перенос доставки существенно меняет ситуацию. Сообщите номер заказа, и мы проверим возможность отмены, возврата или другого решения с учётом текущего статуса доставки.","Если дата изменилась, значит придётся ждать. Можешь потом вернуть."
"На сайте написано, что товар есть в наличии, но после оформления мне сообщили, что его нет.","Понимаю Ваше недовольство — информация о наличии должна быть максимально понятной и актуальной. Сообщите номер заказа, чтобы мы проверили, почему товар оказался недоступен после оформления и какие варианты можем предложить.","Остатки иногда ошибаются. Если товара нет, значит нет."
Мне пришла посылка с чужим именем на упаковке. Я её даже открывать боюсь.,"Вы правильно сделали, что обратились до открытия посылки. Понимаю Ваше беспокойство. Сообщите номер заказа и данные, указанные на упаковке, не публикуя лишнюю персональную информацию. Мы проверим отправление и подскажем безопасный порядок действий.","Не открывай и отдай курьеру обратно. Наверное, перепутали."
"У меня списали оплату, но заказ так и не создался. Деньги куда-то ушли.","Понимаю Ваше беспокойство — особенно неприятно видеть списание, когда заказ не появился. Сообщите время операции, сумму и, если есть, идентификатор платежа. Мы проверим состояние транзакции и подскажем, будет ли создан заказ или средства будут возвращены.","Если заказа нет, деньги обычно сами вернутся. Просто подожди."
"Я хочу изменить цвет товара, но заказ уже оформлен. Можно ли сделать это без полной отмены?","Понимаю желание изменить только вариант товара, не отменяя весь заказ. Возможность такой замены зависит от этапа обработки. Сообщите номер заказа и нужный цвет, и мы проверим доступные варианты.",После заказа уже ничего не меняется. Отменяй и заказывай заново.
"Промокод работал в корзине, но после оплаты скидка почему-то исчезла.","Понимаю Ваше недовольство — если скидка отображалась до оплаты, а затем исчезла, это действительно стоит проверить. Пришлите номер заказа и название промокода, не передавая платёжные данные. Мы сопоставим условия акции и фактическую сумму заказа.","Промокод, наверное, закончился. Надо было проверять перед оплатой."
"Мне прислали уведомление о доставке, но в нём указан неправильный номер телефона. Это повлияет на получение?","Понимаю Ваше беспокойство: корректные контактные данные важны для связи с курьером. Сообщите номер заказа, и мы проверим, какие контактные данные указаны в системе и можно ли их изменить до доставки.","Если номер неправильный, курьер не дозвонится. Исправляй сам в профиле."
"Я получил товар, который явно был уже использован. На нём есть следы эксплуатации.","Мне жаль, что Вы получили товар в таком состоянии. Понимаю Ваше разочарование — Вы ожидали получить новый товар. Пожалуйста, сообщите номер заказа и приложите фотографии выявленных следов. Мы проверим ситуацию и предложим вариант возврата или замены.","Может, это просто витринный товар. Если не нравится, возвращай."
"Курьер требует оплатить заказ ещё раз, хотя я уже оплатил его онлайн.","Понимаю Ваше беспокойство — повторно оплачивать уже оплаченный заказ без проверки действительно не следует. Не передавайте курьеру дополнительные средства. Сообщите номер заказа и статус оплаты, и мы проверим, почему при доставке отображается задолженность.","Не плати второй раз. Курьер, наверное, ошибся."
"Мне обещали бесплатную доставку при заказе от определённой суммы, но всё равно добавили стоимость доставки.","Понимаю Ваш вопрос: если условия бесплатной доставки были выполнены, начисление стоимости действительно нужно проверить. Сообщите номер заказа и сумму покупки, и мы сверим заказ с условиями акции.",Бесплатная доставка бывает не на всё. Читай условия акции.
"Не могу применить сертификат к заказу. Код точно правильный, но сайт его не принимает.","Понимаю Ваше неудобство — особенно если код введён правильно, а система всё равно его отклоняет. Сообщите тип сертификата, дату его получения и текст ошибки, не отправляя сам код полностью. Мы проверим его статус и условия использования.","Если код не работает, значит он неправильный. Введи внимательнее."
"Я получил электронный чек, но в нём указано другое название товара.","Понимаю Ваше беспокойство: данные в чеке должны соответствовать фактической покупке. Сообщите номер заказа и наименование полученного товара. Мы проверим информацию в заказе и подскажем, как исправить документ, если в нём действительно есть ошибка.","Наверное, название в системе другое. Главное, что товар правильный."
Мой заказ завис на сортировочном центре уже четыре дня без движения.,"Понимаю Ваше беспокойство — несколько дней без изменения статуса действительно выглядят необычно. Сообщите номер заказа, и мы проверим актуальную информацию о перемещении отправления и возможные сроки дальнейшей доставки.","Посылка где-то лежит. Подожди ещё, статус потом обновится."
Мне доставили холодильник с царапиной на двери. Я обнаружил её сразу после распаковки.,"Мне жаль, что техника пришла повреждённой. Понимаю, насколько неприятно обнаружить царапину сразу после получения. Пожалуйста, не используйте товар до уточнения ситуации и пришлите фотографии повреждения, упаковки и номер заказа. Мы проверим возможность обмена или другого решения.","Если царапина небольшая, пользуйся. Если нет — возвращай."
Почему в личном кабинете исчезла история моих заказов за прошлый год?,"Понимаю Ваше беспокойство — история заказов может быть нужна для возвратов, документов и гарантийного обслуживания. Сообщите адрес аккаунта и примерный период, который исчез, и мы проверим, отображаются ли эти данные в системе.",Старые заказы иногда удаляются. Посмотри в почте.
"Мне нужно получить копию договора по покупке, но в аккаунте её нигде нет.","Понимаю, что документ может быть необходим для Вашего учёта. Сообщите номер заказа и дату покупки, и мы проверим, доступна ли копия договора в системе и каким способом её можно получить.","Если договора нет в аккаунте, значит его там не будет. Ищите сами."
"Товар сломался на второй день использования, хотя я обращался с ним нормально.","Мне жаль, что товар вышел из строя так быстро. Понимаю Ваше недовольство, особенно после столь короткого срока использования. Сообщите номер заказа и опишите неисправность; мы проверим гарантийные варианты и порядок диагностики или замены.","Тогда сдавай по гарантии. Если сам не сломал, всё решат."
"Я выбрал доставку в субботу, а система автоматически перенесла её на понедельник.","Понимаю Ваше недовольство — если Вы рассчитывали получить заказ в субботу, перенос даты действительно неудобен. Сообщите номер заказа, и мы проверим причину изменения и доступные варианты доставки раньше.","Система сама перенесла. Значит, в субботу нельзя."
"В мобильном приложении не открывается раздел моих бонусов, просто белый экран.","Понимаю, как неудобно, когда нужный раздел не загружается. Попробуйте обновить приложение до последней версии и повторить вход. Если проблема сохранится, сообщите модель устройства и версию приложения — мы проверим известные проблемы с этим разделом.",У меня открывается. Перезапусти телефон.
"Мне начислили бонусы, но использовать их при следующей покупке я не могу.","Понимаю Ваше недовольство: если бонусы уже отображаются, естественно ожидать, что их можно использовать. Сообщите номер аккаунта и заказ, при оформлении которого возникает проблема. Мы проверим срок действия и условия использования бонусов.",Бонусы могут быть недоступны. Читай правила программы.
"Я поменял адрес доставки после оформления, но посылка всё равно идёт на старый адрес.","Понимаю Ваше беспокойство — особенно если отправление уже направляется по прежнему адресу. Сообщите номер заказа и время изменения адреса. Мы проверим, был ли новый адрес сохранён до передачи заказа в доставку и какие варианты доступны сейчас.","Если уже отправили, ничего не поменяешь. Звони курьеру."
"На сайте написано, что возврат бесплатный, но при оформлении мне предлагают оплатить обратную доставку.","Понимаю Ваш вопрос: если возврат заявлен как бесплатный, дополнительная стоимость действительно требует проверки. Сообщите номер заказа и причину возврата, и мы сверим её с условиями бесплатного возврата.","Сайт мог ошибиться. Если просит оплату, значит плати."
"Я получил только часть заказа, хотя в накладной указаны все позиции.","Понимаю Ваше беспокойство — если часть товаров отсутствует, необходимо проверить комплектацию отправления. Сообщите номер заказа и перечислите недостающие позиции. Мы сверим данные комплектации и подскажем, будет ли отдельная доставка или требуется оформить обращение.","Наверное, остальные товары придут отдельно. Подожди."
"Мне пришёл товар другого бренда, хотя модель и артикул в заказе были совершенно другие.","Приносим извинения за ошибку при комплектации. Понимаю Ваше недовольство: Вы заказывали конкретную модель и получили другую. Пришлите номер заказа и фотографии товара и упаковки, чтобы мы могли быстро оформить проверку и предложить замену или возврат.",На складе перепутали. Возвращай товар.
"Почему с меня удержали плату за отмену заказа, если я отменил его сразу после оформления?","Понимаю Ваш вопрос — если отмена была произведена практически сразу, начисление платы действительно стоит проверить. Сообщите номер заказа и время оформления и отмены. Мы сопоставим эти данные с условиями отмены.",Штраф за отмену есть по правилам. Надо было читать.
"Я оплатил заказ подарочной картой, а при возврате мне говорят, что деньги на неё не вернут.","Понимаю Ваш вопрос — при возврате важно понимать, каким способом будут возвращены средства. Сообщите номер заказа и тип подарочной карты, и мы проверим условия возврата именно для Вашей покупки.",На подарочные карты деньги обычно не возвращают. Тут ничего не сделать.
"Мне нужно изменить имя получателя в заказе, потому что подарок будет получать другой человек.","Понимаю ситуацию. Если заказ ещё не передан в доставку, изменение данных получателя может быть возможно. Сообщите номер заказа и текущий статус, и мы проверим, можно ли внести изменение без отмены заказа.",Имя уже нельзя поменять. Пусть получатель просто покажет заказ.
Уведомления о статусе заказа приходят с задержкой на несколько часов.,"Понимаю, что несвоевременные уведомления могут мешать отслеживать заказ. Сообщите номер заказа и пример времени, когда статус изменился фактически и когда пришло уведомление. Мы проверим работу уведомлений.",Уведомления иногда задерживаются. Ничего страшного.
"Я оформил заказ через приложение, но он не появился на сайте в том же аккаунте.","Понимаю Ваше беспокойство — заказы в одном аккаунте должны отображаться согласованно. Сообщите номер заказа и убедитесь, что на сайте выполнен вход под тем же аккаунтом. Мы проверим синхронизацию данных.","Наверное, вошёл не в тот аккаунт. Проверь сам."
Почему мой заказ разбили на три посылки? Я не просил отдельные доставки.,"Понимаю Ваш вопрос: несколько отправлений действительно могут быть неудобны. Разделение иногда связано с разными складами или сроками готовности товаров. Сообщите номер заказа, и мы проверим причину разделения и сроки каждой части доставки.",Товары были на разных складах. Поэтому три посылки.
"Мне пришло SMS о доставке, хотя я ничего не заказывал. Это ошибка или мошенники?","Понимаю Ваше беспокойство — неожиданное сообщение о доставке действительно стоит воспринимать осторожно. Не переходите по ссылкам и не сообщайте коды подтверждения. Если отправитель указан как наша компания, пришлите текст сообщения без личных данных, и мы поможем проверить его подлинность.","Наверное, кто-то ошибся номером. Просто игнорируй."
"В заказе указан один срок гарантии, а в документах продавца другой.","Понимаю Ваш вопрос: несоответствие гарантийных сроков в разных документах важно уточнить до возникновения проблемы. Пришлите номер заказа и названия документов, где указаны разные сроки. Мы проверим, какой срок относится к Вашей покупке.",Смотри на гарантию продавца. Обычно она правильная.
Я не могу оставить отзыв: кнопка постоянно выдаёт ошибку.,"Понимаю Ваше неудобство — особенно если Вы хотите оставить отзыв, а функция не работает. Сообщите номер заказа, устройство и текст ошибки. Мы проверим доступность функции и подскажем альтернативный способ отправить отзыв, если он предусмотрен.","Попробуй ещё раз позже. Наверное, сайт глючит."
"Я удалил товар из корзины, но он всё равно появляется там после перезагрузки.","Понимаю, насколько неудобно, когда корзина не сохраняет внесённые изменения. Попробуйте выйти из аккаунта и войти снова. Если товар продолжит появляться, сообщите устройство и браузер — мы проверим проблему синхронизации корзины.",Очисти корзину ещё раз. Иногда она тупит.
"Мне начислили налог при покупке, хотя в карточке товара цена уже выглядела окончательной.","Понимаю Ваш вопрос — дополнительные начисления перед оплатой действительно должны быть понятны заранее. Сообщите номер заказа и регион доставки, чтобы мы проверили структуру итоговой суммы и причину начисления.",Налоги бывают. Цена в карточке не всегда окончательная.
"Я хочу получить товар в другой комплектации, но в заказе уже стоит стандартная. Можно ли поменять?","Понимаю Ваше желание изменить комплектацию до отправки заказа. Возможность изменения зависит от текущего этапа обработки. Сообщите номер заказа и нужную комплектацию, и мы проверим доступные варианты.",После заказа ничего не меняется. Отмени его.
"Система говорит, что мой адрес недействителен, хотя по нему регулярно доставляют другие службы.","Понимаю Ваше недоумение — особенно если по этому адресу уже успешно выполнялись доставки. Сообщите город и улицу без номера квартиры или других лишних данных, а также текст ошибки. Мы проверим, почему адрес не проходит в нашей системе.","Если система говорит, что адрес неправильный, значит неправильный. Введи другой."
"Я оформил самовывоз, но в пункте сказали, что заказа у них нет, хотя приложение показывает «готов к выдаче».","Понимаю Ваше раздражение — статус «готов к выдаче» естественно создаёт ожидание, что заказ уже можно получить. Сообщите номер заказа и пункт выдачи, чтобы мы проверили фактическое местонахождение отправления и статус передачи в пункт.","Иногда приложение обновляется раньше. Подожди, пока заказ реально приедет."
"Мне нужно получить закрывающие документы за прошлый квартал, но скачать их можно только по одному.","Понимаю, что ручное скачивание большого количества документов может занять много времени. Уточните рабочую область и нужный период, и мы проверим, доступна ли массовая выгрузка или другой удобный способ получить документы.","Скачивай по одному. Если кнопки нет, значит такой функции нет."
У нас несколько сотрудников видят разные версии одного отчёта. Как такое вообще возможно?,"Понимаю Ваше беспокойство — единый отчёт должен отображаться согласованно при одинаковых условиях доступа. Давайте проверим роли пользователей, фильтры и время обновления данных. Укажите рабочую область и пример отчёта, не передавая конфиденциальные данные.",У сотрудников разные настройки. Пусть каждый обновит страницу.
После смены часового пояса даты в отчётах стали съезжать на предыдущий день.,"Понимаю, почему это вызывает вопросы: изменение часового пояса действительно может влиять на отображение дат и границ отчётных периодов. Сообщите рабочую область, выбранный часовой пояс и пример строки с расхождением. Мы проверим логику формирования отчёта.",Это из-за часового пояса. Поставь правильный и всё.
"API возвращает данные только за часть периода, хотя лимит запроса вроде позволяет получить больше.","Понимаю Ваше затруднение — неполный результат при корректно заданном периоде действительно требует проверки. Пришлите endpoint, параметры запроса и полученный диапазон дат без токена или других секретов. Мы проверим ограничения и параметры пагинации.","Наверное, там стоит лимит. Используй пагинацию."
После удаления пользователя его имя всё ещё видно в старых отчётах. Данные не удалились?,"Понимаю Ваше беспокойство. Удаление пользователя и сохранение исторических записей — разные процессы, поэтому имя может оставаться в старых отчётах как часть истории операций. Сообщите название отчёта, и мы уточним, как именно в нём обрабатываются удалённые пользователи.","Да, данные остались. Система их не удаляет."
"Я дал сотруднику права администратора, но он всё равно не видит нужные настройки.","Понимаю, что это мешает Вам настроить рабочую область. Давайте проверим, применились ли новые права и не ограничивает ли доступ отдельная роль или политика безопасности. Сообщите рабочую область и тип прав, которые Вы назначили.","Если дал админа, значит должен видеть всё. Пусть перелогинится."
При экспорте отчёта CSV русские буквы превращаются в непонятные символы.,"Понимаю Ваше неудобство — повреждённая кодировка делает экспорт практически непригодным для работы. Уточните, где Вы открываете CSV и какой вариант экспорта используете. Мы проверим кодировку файла и подскажем подходящий способ открытия или экспорта.",Это кодировка. Открой файл в Excel и выбери UTF-8.
"Сервис пишет, что у меня нет прав на создание проекта, хотя я владелец рабочей области.","Понимаю Ваше недоумение: если Вы владелец рабочей области, отсутствие права на создание проекта действительно требует проверки. Сообщите название рабочей области и текст ошибки. Мы проверим роль, ограничения тарифа и настройки доступа.",Владелец не всегда может всё. Проверь права.
"Вебхук срабатывает несколько раз на одно событие, и у нас создаются дубликаты.","Понимаю, насколько неприятно получать повторные события, особенно если из-за этого появляются дубликаты. Пришлите идентификатор события и пример нескольких уведомлений без секретов. Мы проверим доставку вебхука и поможем определить, связано ли повторение с повторной отправкой или обработкой на Вашей стороне.",Вебхуки могут приходить несколько раз. Сделай защиту от дублей сам.
"После смены пароля старые сессии всё ещё активны. Я ожидал, что все устройства выйдут из аккаунта.","Понимаю Ваше беспокойство — после смены пароля действительно важно понимать, какие сеансы остаются активными. Проверьте раздел управления активными сессиями и завершите незнакомые устройства. Если Вы ожидаете автоматического завершения всех сеансов, сообщите тип аккаунта — мы уточним действующее поведение системы.",Пароль поменял — значит всё нормально. Старые устройства сами выйдут когда-нибудь.
"Не получается добавить корпоративную карту для оплаты подписки, хотя обычная карта добавляется без проблем.","Понимаю Ваше неудобство — особенно если обычная карта проходит, а корпоративная отклоняется. Сообщите тип карты, страну выпуска и текст ошибки, не передавая полный номер или код безопасности. Мы проверим поддерживаемые способы оплаты и возможную причину отказа.",Корпоративные карты могут не работать. Используй обычную.
"Мы оплатили годовой тариф, но в аккаунте отображается помесячный. Не хочу, чтобы с нас снова списали деньги.","Понимаю Ваше беспокойство — при годовой оплате важно, чтобы тариф и период подписки отображались корректно. Сообщите рабочую область и дату оплаты, а также номер счёта, если он есть. Мы проверим платёж и текущий период подписки.","Наверное, интерфейс показывает старый тариф. Если деньги списали за год, всё должно быть нормально."
"Сотрудник ушёл из компании, но его данные нужны для истории проектов. Можно удалить его аккаунт, не потеряв историю?","Понимаю Вашу задачу: важно закрыть доступ бывшего сотрудника, сохранив рабочую историю. В таких системах удаление пользователя и сохранение исторических данных могут обрабатываться отдельно. Сообщите тип аккаунта и рабочую область, и мы подскажем безопасный вариант.","Просто удали пользователя. История, наверное, останется."
Не могу настроить двухфакторную авторизацию через приложение-аутентификатор. Код постоянно не подходит.,"Понимаю, как неприятно столкнуться с такой проблемой при настройке защиты аккаунта. Проверьте, что на устройстве установлены правильные дата и время и что используется актуальный код из приложения. Если ошибка сохраняется, сообщите текст уведомления и тип используемого приложения-аутентификатора без передачи самого кода.",Код неправильный. Синхронизируй время и попробуй ещё.
Я потерял телефон с доступом к корпоративному аккаунту. Как срочно закрыть все активные сеансы?,"Понимаю Ваше беспокойство — при утере устройства важно как можно быстрее защитить аккаунт. Если Вы ещё можете войти с другого устройства, завершите активные сеансы и смените пароль. Если доступа нет, обратитесь в поддержку через корпоративного администратора; мы подскажем безопасную процедуру восстановления.","Просто поменяй пароль. Если не можешь, ничего не сделать."
"В банковском приложении внезапно появилась новая карта, которую я не заказывал.","Понимаю Ваше беспокойство — неизвестный банковский продукт действительно важно проверить. Не используйте эту карту и не сообщайте никому коды из SMS. Обратитесь в банк через официальный канал в приложении или по номеру, указанному на официальном сайте, чтобы проверить происхождение карты и защитить счёт.","Наверное, банк автоматически выпустил новую карту. Посмотри условия."
"Мне пришло уведомление о снятии наличных, но я сегодня вообще не пользовался банкоматом.","Понимаю Ваше беспокойство — незнакомая операция со снятием наличных требует срочной проверки. Не сообщайте никому коды подтверждения и немедленно свяжитесь с банком через официальный канал. Подготовьте дату, время и сумму операции, чтобы банк мог её идентифицировать.","Если это не Вы, значит кто-то снял деньги. Звони в банк."
Я перевёл деньги не тому человеку. Можно отменить перевод?,"Понимаю Ваше беспокойство — ошибочный перевод действительно важно попытаться остановить как можно скорее. Возможность отмены зависит от типа операции и её текущего статуса. Сообщите номер операции и время перевода, не передавая полные реквизиты карты.","Если отправил не тому, сам виноват. Попробуй попросить человека вернуть."
"Почему банковское приложение требует повторно подтвердить личность, хотя я уже проходил проверку?","Понимаю Ваше недоумение — повторная проверка личности может быть неудобной. Она может потребоваться для безопасности или при изменении определённых данных. Сообщите текст уведомления и этап, на котором возникает запрос, и мы проверим причину.",Банк иногда просит подтверждение. Пройди его ещё раз.
"У меня не отображается поступившая зарплата, хотя бухгалтер говорит, что перевод уже отправлен.","Понимаю Ваше беспокойство — если отправитель подтверждает перевод, естественно ожидать его отображения на счёте. Сообщите дату, сумму и тип перевода, не передавая полные реквизиты. Мы проверим, поступила ли операция в банк и на каком она этапе.","Если бухгалтер отправил, значит деньги скоро будут. Подожди."
"Я не понимаю, почему банк удержал сумму при конвертации валюты. Курс вроде был другой.","Понимаю Ваш вопрос — разница между ожидаемой и фактической суммой при конвертации действительно требует пояснения. Сообщите дату операции, исходную сумму и валюты. Мы проверим применённый курс и возможные комиссии без необходимости передавать данные карты.",Курс меняется постоянно. Поэтому сумма могла отличаться.
"Мне отказали в переводе на другой банк, хотя раньше такие переводы проходили.","Понимаю Ваше недоумение, особенно если аналогичные переводы раньше выполнялись успешно. Сообщите дату операции, сумму, тип перевода и текст ошибки. Мы проверим причину отклонения и доступные варианты проведения платежа.",Банк мог поставить ограничение. Попробуй позже.
Я не могу снять ограничение на онлайн-покупки с карты.,"Понимаю Ваше неудобство. Ограничение на онлайн-операции может быть установлено для дополнительной безопасности, поэтому важно сначала проверить его статус. Обратитесь через официальный канал банка или сообщите текст ошибки, чтобы мы могли уточнить доступный способ изменения настройки.","В настройках карты убери ограничение. Если не получается, звони."
"Почему меня попросили подтвердить операцию, которую я вообще не совершал?","Понимаю Ваше беспокойство — запрос подтверждения незнакомой операции нельзя игнорировать. Не подтверждайте её и не сообщайте код кому-либо. Обратитесь в банк через официальный канал, чтобы проверить операцию и при необходимости заблокировать карту.","Просто не подтверждай. Если это не ты, значит кто-то пытается заплатить."
"У меня списали комиссию за обслуживание, хотя я думал, что по моему тарифу её нет.","Понимаю Ваш вопрос: если Вы рассчитывали на отсутствие комиссии, списание действительно стоит проверить. Сообщите название тарифа и дату операции. Мы сопоставим начисление с условиями обслуживания, действовавшими на этот момент.",Комиссия бывает по тарифу. Почитай договор.
"Мне нужно получить справку по счёту, но приложение выдаёт ошибку при формировании документа.","Понимаю, что справка может быть нужна Вам срочно. Сообщите название справки, дату запроса и текст ошибки. Мы проверим проблему и подскажем альтернативный способ получить документ, если он доступен.",Попробуй скачать позже. Приложение иногда ошибается.
"Почему платёж по карте отображается дважды, хотя я покупку совершил один раз?","Понимаю Ваше беспокойство — двойное отображение операции действительно может выглядеть как повторное списание. Сообщите дату, сумму и название операции. Мы проверим, является ли одна запись временной авторизацией или действительно произошло двойное списание.","Скорее всего, банк показал платёж два раза. Подожди, один исчезнет."
"Я закрыл счёт, но в приложении он всё ещё отображается как активный.","Понимаю Ваше беспокойство — после закрытия счёта статус действительно должен быть понятен. Сообщите дату закрытия и название продукта. Мы проверим фактический статус и причину, по которой старый счёт продолжает отображаться.",Приложение просто не обновилось. Подожди.
Не могу установить новый PIN для карты через приложение.,"Понимаю Ваше неудобство. Возможность изменения PIN может зависеть от типа карты и способа обслуживания. Сообщите текст ошибки и этап, на котором операция прекращается, не передавая сам PIN. Мы подскажем доступный способ изменения.",PIN нельзя менять как хочешь. Попробуй банкомат.
"Мне нужно временно заблокировать карту, но не закрывать её. Где это сделать?","Понимаю Ваше желание временно ограничить использование карты без полного закрытия. Если функция доступна для Вашей карты, её обычно можно найти в настройках карты в приложении. Если Вы не видите нужной кнопки, сообщите название раздела или текст экрана — мы подскажем, где искать.",Зайди в карту и нажми блокировку. Там всё должно быть.
"Почему банкомат не принимает мою карту, хотя в магазине она работает?","Понимаю Ваше неудобство — особенно если карта работает для покупок, но банкомат её не принимает. Причина может быть связана с конкретным банкоматом, типом операции или настройками карты. Сообщите дату, место банкомата и текст ошибки, чтобы мы могли проверить ситуацию.","Банкомат, наверное, сломан. Попробуй другой."
"Я получил перевод из другой страны, но сумма пришла меньше ожидаемой.","Понимаю Ваш вопрос — при международном переводе разница в сумме действительно требует пояснения. Сообщите валюту, дату и сумму отправления и получения, не передавая полные банковские реквизиты. Мы проверим возможные комиссии и условия обработки операции.","Наверное, комиссию сняли. Международные переводы дорогие."
"Мне нужно узнать, почему изменился лимит по карте. Я его не менял.","Понимаю Ваше беспокойство — изменение лимита без Вашего действия действительно стоит проверить. Сообщите название лимита и дату, когда Вы заметили изменение. Мы проверим настройки и историю изменений, если такая информация доступна.",Лимиты банк может менять сам. Ничего необычного.
"В приложении не отображается новая банковская операция, хотя SMS о ней уже пришло.","Понимаю Ваше беспокойство — расхождение между SMS и историей операций действительно может вызывать вопросы. Сообщите время и сумму операции и тип операции, не передавая секретные данные. Мы проверим, на каком этапе находится её отображение.",Приложение обновится позже. Просто подожди.
"Я хочу отказаться от платной услуги банка, но не понимаю, как её отключить.","Понимаю Ваше желание отключить услугу и разобраться без лишних действий. Сообщите название услуги или раздел приложения, где она отображается. Мы подскажем доступный способ отключения и уточним, прекратятся ли дальнейшие начисления.","Найди услугу в приложении и отключи. Если не умеешь, звони."
После обновления банковского приложения исчезла история некоторых переводов.,"Понимаю Ваше беспокойство — история операций важна для контроля финансов и документов. Сообщите период, за который пропали переводы, и версию приложения. Мы проверим, отображаются ли операции в системе и связано ли это с обновлением интерфейса.",После обновления могли пропасть старые данные. Посмотри выписку.
"Мне нужно получить выписку за два года, но приложение позволяет выбрать только последние месяцы.","Понимаю, что для Ваших целей может потребоваться более длинный период. Сообщите нужные даты и тип выписки. Мы проверим, доступна ли расширенная выписка через другой канал обслуживания или в другом формате.",Приложение больше не даёт. Возьми несколько выписок отдельно.
"Я не узнаю название получателя в истории платежа. Как понять, кому ушли деньги?","Понимаю Ваше беспокойство — корректная информация о получателе важна для контроля операций. Сообщите дату, сумму и идентификатор операции, если он отображается. Мы проверим, какие сведения о получателе доступны по этой транзакции.","Смотри в истории платежа. Если названия нет, значит узнать нельзя."
Почему моя карта не проходит в зарубежном интернет-магазине?,"Понимаю Ваше неудобство — особенно если карта работает в других местах. Причина может быть связана с ограничениями конкретного продавца, международными операциями или настройками карты. Сообщите дату, сумму и текст ошибки, не передавая данные карты.",Зарубежные сайты могут не принимать твою карту. Используй другую.
"Мне нужно изменить налоговый адрес в банковском профиле, но система не позволяет сохранить новый.","Понимаю Ваше неудобство. Давайте проверим, на каком этапе возникает ошибка и какие данные требуются для изменения адреса. Сообщите текст ошибки и раздел приложения, в котором Вы вносите изменения; конфиденциальные документы отправлять пока не нужно.","Если не сохраняется, значит данные введены неправильно. Проверь адрес."
Я получил уведомление о новом входе в интернет-банк с неизвестного устройства.,"Понимаю Ваше беспокойство — незнакомый вход в банковский аккаунт требует немедленного внимания. Не подтверждайте неизвестные операции и не сообщайте коды. Свяжитесь с банком через официальный канал, смените пароль и при необходимости заблокируйте карту или доступ.",Кто-то вошёл в твой банк. Меняй пароль и всё.
Почему перевод между моими счетами занимает столько времени? Обычно он проходит сразу.,"Понимаю Ваше беспокойство — если перевод между собственными счетами обычно выполняется быстро, задержка действительно вызывает вопросы. Сообщите дату, сумму и тип перевода. Мы проверим его текущий статус и возможную причину задержки.",Иногда переводы тормозят. Просто подожди.
"Я не могу добавить получателя для перевода, приложение каждый раз сбрасывает форму.","Понимаю, как неудобно повторно вводить данные, когда форма не сохраняется. Сообщите версию приложения, модель устройства и текст ошибки, если он появляется. Мы проверим проблему с добавлением получателя и подскажем временный способ выполнить перевод.","Перезапусти приложение. Если не поможет, попробуй ещё раз."
"Мне пришло сообщение, что кредит одобрен, но в приложении статус всё ещё «на рассмотрении».","Понимаю Ваше недоумение — разные статусы в уведомлении и приложении действительно могут запутать. Сообщите номер заявки и время получения сообщения. Мы проверим актуальный статус и объясним, какой из статусов является действующим.","SMS, наверное, пришло раньше. Жди, пока приложение обновится."
"Я хочу досрочно погасить кредит, но сумма в приложении кажется выше ожидаемой.","Понимаю Ваш вопрос: при досрочном погашении важно заранее понимать точную сумму закрытия. Сообщите номер договора и дату, на которую Вы планируете погашение. Мы проверим расчёт и состав суммы, не требуя передачи лишних персональных данных.",Проценты ещё начисляются. Поэтому сумма больше.
"Мне не пришло уведомление о плановом платеже, хотя раньше оно всегда приходило.","Понимаю Ваше беспокойство — отсутствие привычного напоминания может привести к пропуску платежа. Сообщите тип продукта и дату ближайшего платежа. Мы проверим настройки уведомлений и подскажем, как убедиться, что напоминания включены.",Уведомления иногда не приходят. Следи за платежами сам.
"Я не могу изменить лимит на снятие наличных, хотя раньше эта функция была доступна.","Понимаю Ваше недоумение — если функция была доступна ранее, изменение её доступности действительно требует пояснения. Сообщите тип карты и текст сообщения в приложении. Мы проверим действующие ограничения и доступные способы изменения лимита.",Банк мог убрать эту функцию. Ничего не поделать.
"У меня списали плату за обслуживание в день, когда я уже закрыл пакет услуг.","Понимаю Ваш вопрос: если пакет был закрыт до начисления платы, операцию действительно необходимо проверить. Сообщите дату закрытия и дату списания, а также название пакета. Мы сопоставим даты и условия тарифа.",Комиссия могла начислиться заранее. Проверь договор.
"Я не могу подтвердить перевод, потому что код из SMS приходит уже после истечения срока.","Понимаю Ваше раздражение — просроченный код действительно не позволяет завершить операцию. Сообщите модель телефона и оператора связи, а также примерное время задержки. Мы проверим доставку кодов и подскажем доступные варианты.","Код приходит поздно, значит оператор тормозит. Попробуй ещё."
В банковском приложении неправильно отображается доступный остаток после возврата покупки.,"Понимаю Ваше беспокойство — после возврата важно видеть корректный доступный остаток. Сообщите дату возврата и сумму операции. Мы проверим статус возврата и момент, на котором сумма должна отобразиться в остатке.",Возврат не сразу отображается. Подожди пару дней.
"Мне нужно узнать реквизиты счёта, но приложение показывает только часть информации.","Понимаю Вашу задачу. Реквизиты могут отображаться в отдельном разделе или в банковской справке. Сообщите, для какой операции они нужны, и мы подскажем, где безопасно получить полный набор реквизитов.","Смотри раздел реквизитов. Если там нет, значит банк их не показывает."
"Я не понимаю, почему платёж прошёл как наличная операция, хотя я платил картой.","Понимаю Ваше беспокойство — описание операции должно соответствовать фактическому способу оплаты. Сообщите дату, сумму и название операции. Мы проверим тип транзакции и объясним, почему она отображается именно так.","Может, магазин провёл платёж неправильно. Спроси у магазина."
Не могу подключить банковскую карту к электронному кошельку.,"Понимаю Ваше неудобство. Причина может быть связана с типом карты, настройками безопасности или требованиями самого кошелька. Сообщите название кошелька и текст ошибки, не передавая полный номер карты или коды.","Кошелёк, наверное, не поддерживает твою карту. Возьми другую."
"Мне нужно закрыть дополнительную карту, но оставить основной счёт открытым.","Понимаю Вашу задачу — закрытие дополнительной карты не обязательно означает закрытие основного счёта. Сообщите тип карты и название продукта, и мы уточним доступный порядок закрытия без изменения основного счёта.",Закрой карту в приложении. Счёт от этого не закроется.
"В приложении появилась комиссия, которой не было в предварительном расчёте.","Понимаю Ваш вопрос — итоговая комиссия должна быть понятна до подтверждения операции. Сообщите тип операции, дату и сумму. Мы проверим расчёт и условия, применённые к конкретной транзакции.",Комиссия могла появиться автоматически. Проверь тариф.
Почему банк не принимает мой новый паспорт в приложении? Документ действующий.,"Понимаю Ваше неудобство — если документ действующий, отказ системы действительно требует проверки. Сообщите текст ошибки и этап загрузки документа. Мы подскажем требования к фотографии и альтернативный способ обновления данных.",Приложение не видит паспорт. Сфотографируй лучше.
"Я получил возврат меньше суммы покупки, хотя возвращал весь заказ.","Понимаю Ваше беспокойство — при полном возврате ожидается понятное соответствие возвращаемой суммы исходной оплате. Сообщите номер заказа, сумму покупки и сумму возврата. Мы проверим расчёт и возможные удержания.","Наверное, удержали доставку или комиссию. Читай условия возврата."
"Мне нужно изменить дату автоплатежа, но настройки позволяют только включить или выключить его.","Понимаю Ваше неудобство. Возможность изменения даты может зависеть от типа автоплатежа. Сообщите, какой именно платёж Вы хотите изменить, и мы проверим доступные настройки или альтернативный способ управления датой.","Если даты нет в настройках, значит поменять нельзя."
Автоплатёж сработал дважды за один день. Я ничего не менял в настройках.,"Понимаю Ваше беспокойство — повторное списание автоплатежа требует проверки. Сообщите дату, сумму и название платежа. Мы сопоставим операции и определим, было ли это повторное списание или отдельная транзакция.","Наверное, автоплатёж сработал два раза. Подожди, может одна сумма вернётся."
После обновления банковского приложения перестал работать вход по отпечатку.,"Понимаю, как неудобно возвращаться к ручному вводу пароля после привычной авторизации по отпечатку. Проверьте, включена ли биометрическая авторизация в настройках приложения и устройства. Если проблема сохраняется, сообщите модель телефона и версию приложения.",После обновления отпечаток мог сломаться. Используй пароль.
"Мне заблокировали доступ после нескольких неправильных попыток, хотя пароль я вводил правильно.","Понимаю Ваше беспокойство — блокировка доступа в такой ситуации действительно неприятна. Для безопасности не продолжайте вводить пароль многократно. Воспользуйтесь официальной процедурой восстановления доступа или обратитесь в поддержку, и мы проверим статус блокировки.","Если заблокировали, значит пароль несколько раз был неправильный. Восстанавливай."
"Я не могу оплатить коммунальные услуги через приложение, нужного поставщика нет в списке.","Понимаю Ваше неудобство — особенно если Вы рассчитывали оплатить услугу через приложение. Сообщите регион и название поставщика, которого Вы не находите. Мы проверим, поддерживается ли он и какие альтернативные способы оплаты доступны.","Если поставщика нет в списке, значит через приложение его оплатить нельзя."
Почему перевод по реквизитам вернулся обратно через несколько часов?,"Понимаю Ваше недоумение — возврат перевода без понятной причины действительно требует проверки. Сообщите дату, сумму, тип перевода и код или описание возврата, если оно отображается. Мы проверим доступную информацию о причине возврата.","Получатель, наверное, указал неправильные реквизиты. Проверь их."
"Мне нужно установить приложение на новый телефон, но я боюсь потерять доступ к аккаунту.","Понимаю Ваше беспокойство при смене устройства. Перед переносом убедитесь, что у Вас есть доступ к зарегистрированному номеру телефона или другому способу подтверждения личности. Если сообщите тип аккаунта, мы подскажем безопасный порядок переноса.",Просто установи приложение на новый телефон и войди.
Почему мой номер телефона не подходит для регистрации? Он обычный и рабочий.,"Понимаю Ваше недоумение — если номер действующий, отказ при регистрации действительно требует пояснения. Сообщите код страны, оператора и текст ошибки, не передавая код подтверждения. Мы проверим требования к номерам и возможную причину отказа.",Некоторые номера не подходят. Возьми другой.
"Я запросил удаление персональных данных, но часть информации всё ещё отображается в аккаунте.","Понимаю Ваше беспокойство. После запроса на удаление отдельные данные могут обрабатываться в соответствии с обязательными сроками хранения, но важно проверить конкретную ситуацию. Сообщите, какие именно сведения продолжают отображаться и когда был отправлен запрос.",Некоторые данные нельзя удалить. Придётся смириться.
"Не могу изменить адрес электронной почты, потому что письмо подтверждения не приходит.","Понимаю Ваше неудобство — без подтверждения изменение адреса действительно не завершается. Проверьте папки «Спам» и «Промоакции» и убедитесь, что новый адрес введён без ошибок. Если письмо не приходит, сообщите время последней попытки, и мы проверим отправку.","Письмо, наверное, попало в спам. Посмотри там."
Я случайно указал неправильную почту при регистрации и теперь не могу подтвердить аккаунт.,"Понимаю ситуацию — опечатка в адресе при регистрации действительно может заблокировать подтверждение. Если аккаунт ещё не активирован, сообщите адрес, который был указан, без пароля и кодов. Мы подскажем безопасный способ исправить его.",Создай новый аккаунт с правильной почтой.
"Мне постоянно приходится вводить CAPTCHA, даже после правильного прохождения проверки.","Понимаю, насколько это раздражает, когда проверка повторяется снова и снова. Такое поведение может быть связано с браузером, сетью или защитными настройками. Сообщите браузер и примерную частоту повторения CAPTCHA — мы подскажем, что проверить.",CAPTCHA нужна для защиты. Просто проходи её каждый раз.
После входа меня постоянно выбрасывает из аккаунта через несколько минут.,"Понимаю, как неудобно постоянно повторно входить в систему. Причина может быть связана с сессией, настройками браузера или политикой безопасности аккаунта. Сообщите устройство, браузер и примерное время до выхода — мы проверим возможную причину.",Сессия заканчивается. Просто входи снова.
"Я не могу принять приглашение в рабочую область: ссылка говорит, что приглашение недействительно.","Понимаю Ваше неудобство — если приглашение действительно новое, сообщение о недействительности требует проверки. Сообщите адрес рабочей области и дату получения приглашения, не пересылая саму ссылку публично. Мы проверим срок действия и статус приглашения.",Попроси администратора отправить новое приглашение.
Мне пришло сразу десять одинаковых уведомлений об одном событии.,"Понимаю Ваше раздражение — повторяющиеся уведомления действительно мешают работе. Сообщите тип уведомления, время и устройство, на котором они появились. Мы проверим, связано ли это с повторной отправкой события или настройками уведомлений.",Это просто сбой уведомлений. Отключи их.
"Я отключил уведомления о маркетинге, но продолжаю получать предложения.",Понимаю Ваше недовольство — после отключения маркетинговых сообщений их повторное получение действительно требует проверки. Сообщите адрес аккаунта и дату последнего сообщения. Мы проверим статус согласия и настройки коммуникаций.,Иногда отписка работает не сразу. Подожди.
Сервис не принимает мой рабочий email и предлагает использовать только личный адрес.,"Понимаю Ваше неудобство — если аккаунт нужен для работы, корпоративный адрес может быть принципиально важен. Сообщите домен рабочей почты и текст ошибки, не передавая пароль. Мы проверим ограничения регистрации и доступные варианты.","Если корпоративная почта не подходит, используй личную."
"Мне нужно перенести данные из одного аккаунта в другой, но экспорт доступен не полностью.","Понимаю Вашу задачу: перенос данных может быть критичен, особенно при смене аккаунта. Уточните, какие именно данные не удаётся экспортировать, и мы проверим ограничения формата, тарифа или прав доступа и возможные альтернативы.","Не все данные экспортируются. Переноси то, что можно."
"Я загрузил большой файл, а сервис уже полчаса показывает «обработка». Нормально ли это?","Понимаю Ваше беспокойство — длительная обработка без изменения статуса действительно вызывает сомнения. Сообщите размер файла, его формат и время загрузки. Мы проверим, не зависла ли обработка и есть ли ограничения для такого файла.",Большие файлы долго обрабатываются. Просто жди.
"Мне нужно восстановить удалённый проект, но в корзине его нет.","Понимаю Ваше беспокойство — если проект был важным, отсутствие его в корзине действительно тревожит. Сообщите название проекта и примерное время удаления. Мы проверим историю операций и доступные механизмы восстановления.","Если в корзине нет, значит восстановить нельзя."
После восстановления проекта часть настроек пропала.,"Понимаю Ваше беспокойство — восстановление должно максимально полно возвращать рабочее состояние проекта. Сообщите название проекта, дату удаления и какие именно настройки отсутствуют. Мы проверим историю восстановления и возможные ограничения.",При восстановлении не всё возвращается. Настрой заново.
Не могу удалить старый API-ключ: кнопка удаления неактивна.,"Понимаю Ваше неудобство. Давайте проверим, не используется ли ключ активной интеграцией и достаточно ли у Вас прав для его удаления. Сообщите рабочую область и название ключа, не передавая его значение.","Если кнопка неактивна, значит ключ нельзя удалить."
После ротации API-ключей часть интеграций перестала работать.,"Понимаю, насколько критична такая проблема для интеграций. После ротации старые ключи действительно могут перестать действовать, поэтому важно определить, какие подключения ещё используют прежние credentials. Сообщите идентификаторы затронутых интеграций без самих ключей — мы поможем проверить конфигурацию.",После ротации старые ключи не работают. Обнови их везде.
"У нас резко выросло количество API-запросов, хотя код мы не меняли.","Понимаю Ваше беспокойство — неожиданное увеличение нагрузки важно проверить, особенно если изменений в коде не было. Сообщите рабочую область и примерный период роста запросов. Мы поможем определить, какие endpoints создают основную нагрузку.",Значит какой-то код начал слать больше запросов. Проверь логи.
"API внезапно начал отвечать 429, хотя раньше лимита не достигали.","Понимаю Ваше затруднение. Ответ 429 означает, что запросы ограничиваются по частоте, но важно проверить фактическое потребление и применяемые лимиты. Пришлите время ошибки, endpoint и частоту запросов без секретных данных — мы поможем определить причину.",429 — это лимит. Снизь количество запросов.
"В документации пример запроса работает не так, как описано. Получаю другой ответ.","Понимаю Ваше недоумение — пример из документации должен помогать воспроизвести ожидаемое поведение. Пришлите endpoint, версию API и пример запроса без токена. Мы проверим соответствие документации текущей версии.",Документация могла устареть. Посмотри новую версию.
После смены домена нашей компании ссылки в уведомлениях всё ещё ведут на старый сайт.,"Понимаю, насколько неудобно, когда клиентские уведомления содержат устаревшие ссылки. Сообщите рабочую область и пример такого уведомления без персональных данных. Мы проверим настройки домена и шаблонов коммуникаций.",Поменяй ссылки в настройках. Старые сами не исчезнут.
Не могу настроить собственный домен: проверка DNS постоянно не проходит.,"Понимаю Ваше затруднение — настройка DNS может быть особенно неприятной из-за задержек обновления записей. Сообщите тип требуемой записи и текст ошибки, не передавая секретные значения. Мы проверим, какие параметры ожидает система.",DNS просто ещё не обновился. Жди.
"SSL-сертификат для нашего домена истёк, хотя автоматическое продление включено.",Понимаю серьёзность ситуации — недействительный сертификат может сделать сервис недоступным для пользователей. Сообщите домен и время обнаружения проблемы. Мы проверим статус сертификата и автоматического продления и подскажем дальнейшие действия.,Сертификат закончился. Перевыпусти его.
"Пользователи получают ошибку при входе через SSO, хотя раньше всё работало.","Понимаю, насколько критична такая проблема для корпоративного доступа. Давайте проверим настройки SSO и время появления ошибки. Сообщите текст ошибки, тип провайдера и идентификатор запроса, если он отображается, без секретных параметров.",SSO сломался. Проверь настройки провайдера.
После изменения роли пользователя доступ к проекту не изменился.,"Понимаю Ваше беспокойство: после изменения роли ожидается соответствующее обновление доступа. Сообщите пользователя, проект и тип назначенной роли, не передавая пароль. Мы проверим наследование прав и время применения изменения.",Пусть выйдет и войдёт снова. Права должны обновиться.
"У пользователя есть доступ к проекту, которого ему никто не назначал.","Понимаю Ваше беспокойство — неожиданный доступ к проекту действительно требует проверки. Не изменяйте права до выяснения причины, чтобы не потерять информацию для аудита. Сообщите пользователя и проект, и мы проверим наследуемые роли и группы доступа.","Наверное, доступ пришёл через группу. Удали пользователя из неё."
"Аудит-лог не показывает, кто изменил настройки вчера.","Понимаю, насколько важна эта информация для контроля изменений. Сообщите рабочую область, период и конкретную настройку, которая была изменена. Мы проверим доступный журнал аудита и ограничения его хранения.","Если в логе нет, значит узнать уже нельзя."
"Система отправила приглашение сотруднику, но он получил письмо с пустой страницей.","Понимаю, что это мешает сотруднику завершить подключение. Сообщите адрес рабочей области, браузер сотрудника и примерное время отправки приглашения. Мы проверим ссылку приглашения и возможные проблемы с загрузкой страницы.",Пусть откроет письмо в другом браузере.
Уведомления о задачах приходят на старый адрес сотрудника после его переименования.,Понимаю Ваше беспокойство — после изменения данных сотрудника уведомления действительно должны направляться по актуальному адресу. Сообщите рабочую область и тип уведомлений. Мы проверим настройки профиля и адреса доставки.,"Проверь почту сотрудника. Наверное, старый адрес где-то остался."
"Нам нужно временно отключить интеграцию, но не удалять её настройки.","Понимаю задачу: сохранить конфигурацию и одновременно остановить передачу данных действительно удобнее, чем удалять интеграцию. Сообщите тип интеграции и рабочую область, и мы подскажем, предусмотрен ли режим временного отключения.","Отключи её. Если кнопки нет, удаляй."
После восстановления резервной копии данные в отчётах не совпадают с текущими.,"Понимаю Ваше беспокойство — расхождения после восстановления требуют внимательной проверки источника данных и времени резервной копии. Сообщите дату восстановления и пример отчёта с расхождением. Мы проверим, какие данные были восстановлены и какие изменения произошли после создания копии.","Резервная копия старая, поэтому цифры другие."
Резервная копия не создаётся уже второй день.,"Понимаю Ваше беспокойство — отсутствие резервной копии в течение двух дней важно проверить. Сообщите рабочую область, время последней успешной копии и текст ошибки, если он есть. Мы проверим состояние резервного задания.",Бэкап иногда падает. Запусти его вручную.
Я случайно запустил массовое удаление записей. Можно остановить операцию?,"Понимаю, что ситуация срочная. Если массовая операция ещё выполняется, не запускайте дополнительные изменения, чтобы не усложнить восстановление. Сообщите рабочую область и время запуска операции — мы проверим её текущий статус и доступные способы остановки или восстановления.","Если уже запустил, жди окончания. Потом разберёмся."
"Фильтр в отчёте сохраняется только у меня, а коллеги его не видят.","Понимаю Ваше недоумение — если фильтр должен быть общим, коллеги действительно должны видеть одинаковую настройку. Сообщите название отчёта и тип фильтра. Мы проверим, является ли он личным или общим и какие права требуются для публикации.",Фильтр личный. Пусть каждый поставит себе такой же.
"Я изменил название проекта, но в некоторых местах всё ещё отображается старое.","Понимаю Ваше недоумение — после переименования ожидается единообразное отображение. Сообщите название проекта и где именно сохраняется старое имя. Мы проверим, связано ли это с кэшем, историческими данными или отдельным полем.",Старое название просто ещё не обновилось. Подожди.
"Не могу добавить новую валюту в счёт, хотя тариф вроде её поддерживает.","Понимаю Ваше неудобство. Давайте проверим, поддерживает ли выбранный тариф нужную валюту именно для этого типа счёта и какие настройки могут ограничивать её добавление. Сообщите рабочую область и валюту, которую Вы хотите добавить.","Если не добавляется, значит валюта не поддерживается."
"При выставлении счёта система округляет сумму, и итог отличается от расчёта клиента.",Понимаю Ваше беспокойство — расхождение даже на небольшую сумму может быть важно для расчётов с клиентом. Пришлите пример исходных значений и итоговой суммы без персональных данных. Мы проверим правила округления и расчёта.,Система округляет суммы. Поэтому цифры отличаются.
"Клиент получил два одинаковых счёта, хотя мы отправляли один.","Понимаю Ваше беспокойство — дублирующий счёт может привести к ошибочной оплате. Сообщите номера обоих счетов и время их создания. Мы проверим историю формирования документов и подскажем, какой счёт является действующим.",Один из счетов лишний. Просто скажи клиенту игнорировать его.
"Счёт уже оплачен, но напоминания об оплате продолжают приходить клиенту.",Понимаю Ваше беспокойство — после оплаты клиент действительно не должен получать напоминания без необходимости. Сообщите номер счёта и дату оплаты. Мы проверим синхронизацию платежа и состояние автоматических уведомлений.,Напоминания сами прекратятся. Просто игнорируйте их.
Не могу изменить банковские реквизиты компании в уже созданном счёте.,Понимаю Вашу задачу. Изменение реквизитов после создания счёта может зависеть от его статуса и требований к документам. Сообщите номер счёта и какие именно реквизиты нужно изменить. Мы проверим доступный порядок исправления.,В готовом счёте ничего не меняется. Создай новый.
"У клиента не открывается ссылка на счёт, хотя у меня она работает.","Понимаю Ваше неудобство — особенно если клиенту нужно получить счёт срочно. Сообщите номер счёта, браузер клиента и текст ошибки. Мы проверим доступность ссылки и настройки доступа к документу.","Если у тебя работает, значит ссылка нормальная. Пусть клиент попробует другой браузер."
Не могу подключить банковскую интеграцию для автоматической сверки платежей.,"Понимаю, что отсутствие автоматической сверки может существенно увеличить объём ручной работы. Сообщите название банка, тип интеграции и текст ошибки, не передавая секретные ключи. Мы проверим совместимость и этап, на котором возникает проблема.","Банк, наверное, не поддерживается. Делай сверку вручную."
После подключения интеграции часть платежей не подтягивается в систему.,"Понимаю Ваше беспокойство — неполная синхронизация платежей может привести к ошибкам в учёте. Сообщите период, за который отсутствуют операции, и тип платежей. Мы проверим журнал синхронизации и возможные ограничения интеграции.",Интеграция не всё подтягивает. Проверь банк.
В отчёте по продажам внезапно появились отрицательные значения.,"Понимаю Ваше беспокойство — неожиданные отрицательные значения действительно требуют проверки. Сообщите название отчёта, период и пример строки. Мы проверим, связаны ли значения с возвратами, корректировками или ошибкой расчёта.","Наверное, это возвраты. Посмотри операции."
У нас не совпадает количество активных пользователей с количеством лицензий.,"Понимаю Ваш вопрос — расхождение между пользователями и лицензиями важно проверить, чтобы избежать лишних начислений или ограничений. Сообщите рабочую область и текущий тариф. Мы сопоставим активных пользователей с условиями лицензирования.","Пользователей, наверное, больше. Удали лишних."
После отключения сотрудника лицензия всё ещё считается занятой.,"Понимаю Ваше беспокойство — если сотрудник больше не работает, ожидается, что лицензия освободится. Сообщите рабочую область и время отключения пользователя. Мы проверим статус лицензии и условия её освобождения.",Лицензия не сразу освобождается. Подожди.
Я не могу добавить новый способ оплаты для корпоративного аккаунта.,"Понимаю Ваше неудобство. Давайте проверим права доступа и требования к способу оплаты для корпоративного аккаунта. Сообщите рабочую область и текст ошибки, не передавая платёжные реквизиты.","Наверное, у тебя нет прав. Пусть админ добавит."
"В счёте указана неправильная страна компании, и из-за этого документ нельзя использовать.","Понимаю, почему это важно: корректные реквизиты компании необходимы для использования счёта в учёте. Сообщите номер счёта и правильную страну. Мы проверим, можно ли исправить документ или потребуется сформировать новый.",Исправь страну в профиле и создай счёт заново.
"Нас перевели на новый тариф автоматически, хотя мы этого не просили.","Понимаю Ваше недовольство неожиданным изменением тарифа. Давайте проверим историю изменения, условия подписки и дату перехода. Сообщите рабочую область и дату, когда Вы заметили новый тариф, — мы уточним основание изменения.","Наверное, старый тариф закончился. Поэтому вас перевели."
"Я не понимаю, почему тариф стал дороже с нового месяца.","Понимаю Ваш вопрос — изменение регулярной стоимости действительно должно быть объяснимо. Сообщите название тарифа и период, в котором изменилась сумма. Мы проверим историю начислений и действовавшие условия.",Цены могли поменяться. Посмотри новый тариф.
"Мы отменили подписку, но получили новый счёт за следующий период.","Понимаю Ваше беспокойство — после отмены подписки новый счёт действительно требует проверки. Сообщите дату отмены, рабочую область и номер счёта. Мы сопоставим момент отмены с периодом начисления.","Если счёт уже выставили, значит отменили поздно. Проверьте сами."
"Не могу добавить сотрудника, потому что система считает его уже зарегистрированным в другой организации.","Понимаю Ваше неудобство. Такое сообщение может означать, что адрес уже связан с другой организацией или приглашением. Сообщите текст ошибки и тип аккаунта сотрудника, не передавая пароль. Мы проверим возможные варианты подключения.",Он уже есть в другой организации. Пусть выйдет оттуда.
"У сотрудника изменился email, и теперь он потерял доступ к рабочей области.","Понимаю, как неудобно потерять доступ после изменения корпоративного адреса. Если старый адрес ещё доступен, можно попробовать войти прежними данными и обновить профиль. Если нет, сообщите рабочую область и статус пользователя — мы подскажем безопасный способ восстановления.",Пусть создаст новый аккаунт с новой почтой.
"Мне нужно посмотреть, кто скачивал документы из рабочей области.","Понимаю Вашу задачу. Информация о скачиваниях может быть доступна в журнале аудита в зависимости от тарифа и типа документа. Сообщите рабочую область и период, который Вас интересует, и мы подскажем, где проверить эти действия.","Смотри аудит. Если там нет, значит никак."
Почему система не отправляет приглашение пользователю с адресом на собственном домене?,"Понимаю Ваше неудобство. Давайте проверим, связано ли ограничение с доменом, настройками безопасности или форматом адреса. Сообщите домен и текст ошибки, не передавая личные данные приглашённого пользователя.",Свой домен может не поддерживаться. Используй Gmail.
После изменения политики паролей сотрудники продолжают входить со старыми паролями.,"Понимаю Ваше беспокойство — важно убедиться, что новая политика действительно применяется к существующим пользователям. Сообщите тип политики и дату её изменения. Мы проверим, распространяется ли она на текущие сессии и какие действия требуются для принудительного обновления паролей.",Старые пароли пока работают. Значит политика не сработала.
"Нам нужно запретить вход с личных устройств, но я не вижу такой настройки.","Понимаю Вашу задачу — ограничение доступа с личных устройств может быть важным требованием безопасности. Сообщите тариф и тип рабочей области. Мы проверим, поддерживается ли такая политика и где она настраивается.","Если настройки нет, значит такой функции нет."
После включения ограничения по IP часть сотрудников перестала входить.,"Понимаю, что это может полностью остановить работу части команды. Не меняйте настройки повторно, пока не определим причину. Сообщите рабочую область и разрешённые IP-диапазоны без передачи других конфиденциальных данных — мы проверим возможное несовпадение адресов.",Значит их IP не разрешён. Добавь его в список.
Я случайно заблокировал себе доступ политикой безопасности.,"Понимаю ситуацию — такое действительно может произойти при изменении ограничений. Если доступ администратора сохранился у другого пользователя, попросите его временно проверить и скорректировать правило. Если другого администратора нет, сообщите тип рабочей области — мы подскажем безопасный порядок восстановления доступа.",Сам себя заблокировал — теперь нужен другой админ.
"Не понимаю, почему приложение просит доступ к контактам, хотя мне нужен только один раздел.","Понимаю Ваш вопрос — запрос дополнительных разрешений действительно может вызывать сомнения. Не предоставляйте доступ, если не понимаете его назначение. Сообщите название приложения и разрешение, которое оно запрашивает, и мы объясним, для какой функции оно может требоваться.","Приложение просит разрешение, потому что ему надо. Разреши."
"Я отключил доступ приложения к камере, и теперь нужная функция перестала работать.","Понимаю Ваше неудобство. Если функция использует камеру для работы, соответствующее разрешение действительно может быть необходимо. Сообщите модель устройства и название функции — мы подскажем, как вернуть только необходимое разрешение.","Включи камеру обратно, иначе функция работать не будет."
После обновления приложения оно стало занимать почти вдвое больше памяти.,"Понимаю Ваше беспокойство — заметный рост использования памяти действительно может быть проблемой, особенно на устройстве с ограниченным объёмом. Сообщите модель устройства и версии приложения до и после обновления, если они известны. Мы проверим известные изменения и рекомендации.",Обновления становятся тяжелее. Удали ненужные приложения.
Приложение вылетает сразу после запуска на моём телефоне.,"Понимаю, насколько неудобно, когда приложение вообще не удаётся открыть. Попробуйте обновить его и перезапустить устройство. Если проблема сохранится, сообщите модель телефона и версию операционной системы — мы проверим совместимость и известные сбои.","Переустанови приложение. Если не поможет, телефон старый."
После обновления приложения мои настройки уведомлений сбросились.,"Понимаю Ваше раздражение — повторно настраивать уведомления после обновления действительно неудобно. Сообщите версию приложения и устройство. Мы проверим, было ли изменение настроек ожидаемым и как восстановить нужную конфигурацию.",После обновления настройки могли сброситься. Настрой их снова.
"Не могу найти функцию, которая раньше была в нижнем меню.","Понимаю Ваше неудобство — после изменения интерфейса привычные функции действительно бывает сложно найти. Сообщите название функции или что именно Вы хотите сделать, и я подскажу, где она находится в текущей версии приложения.",Меню поменяли. Ищи её в других разделах.
"Уведомления приложения приходят только тогда, когда я его открываю.","Понимаю, как неудобно узнавать о событиях с задержкой. Проверьте разрешения на уведомления и работу приложения в фоновом режиме. Если проблема сохраняется, сообщите модель устройства и версию ОС — мы проверим возможные ограничения.",Телефон блокирует приложение в фоне. Разреши ему работать.
"На Android всё работает, а на iPhone одна и та же функция недоступна.","Понимаю Ваш вопрос — одинаковый сервис должен иметь понятные возможности на поддерживаемых платформах. Сообщите название функции и версии приложения на обоих устройствах. Мы проверим, отличается ли её доступность для этих платформ.",На iPhone функция может быть другой. Используй Android.
"Я оплатил приложение через магазин, но внутри сервиса подписка не активировалась.","Понимаю Ваше беспокойство — особенно когда оплата уже подтверждена магазином. Сообщите платформу, дату покупки и идентификатор заказа магазина, не передавая данные карты. Мы проверим синхронизацию покупки и статус подписки.","Магазин уже получил деньги. Подожди, пока приложение увидит оплату."
Не могу восстановить покупку после переустановки приложения.,"Понимаю Ваше беспокойство — после переустановки важно вернуть уже приобретённые функции. Убедитесь, что Вы вошли под тем же аккаунтом магазина. Если восстановление не срабатывает, сообщите платформу и дату покупки — мы проверим доступные варианты.",Войди в тот же аккаунт и нажми восстановить покупки.
"Сервис пишет, что приложение несовместимо с моим устройством, хотя раньше оно работало.","Понимаю Ваше недоумение — особенно если приложение раньше запускалось на этом устройстве. Сообщите модель устройства, версию операционной системы и текущую версию приложения. Мы проверим требования совместимости и возможные изменения.",Значит теперь телефон не поддерживается. Купи новый.
После смены языка телефона приложение осталось на старом языке.,"Понимаю Ваше неудобство. Некоторые приложения используют собственную настройку языка независимо от языка устройства. Сообщите модель телефона и текущую версию приложения — мы подскажем, где проверить языковые настройки.","Перезапусти приложение. Может, язык поменяется."
"В приложении неправильно отображается часовой пояс, из-за этого встречи стоят не на том времени.","Понимаю, насколько критична такая проблема для расписания. Проверьте часовой пояс устройства и настройки аккаунта. Если они корректны, сообщите пример встречи и фактическое и отображаемое время — мы проверим преобразование часового пояса.",Поставь правильный часовой пояс на телефоне.
"Мне пришло уведомление о списании за приложение, которым я давно не пользуюсь.","Понимаю Ваше беспокойство — неожиданное списание за неиспользуемую услугу действительно стоит проверить. Сообщите дату, сумму и название платежа. Мы поможем определить, к какой подписке относится операция и как проверить её статус.",Значит подписка не была отменена. Отключи её.
"Я отменил подписку через магазин приложений, но сервис всё ещё показывает её активной.","Понимаю Ваше беспокойство — после отмены подписки статус действительно должен быть понятен. Сообщите платформу, дату отмены и текущий статус подписки. Мы проверим синхронизацию данных между магазином и сервисом.",Магазин не сразу обновляет статус. Подожди.
"Приложение показывает старую фотографию профиля после того, как я её заменил.","Понимаю Ваше неудобство. Изображение может обновляться с задержкой из-за кэширования. Сообщите устройство и версию приложения; мы проверим, сохраняется ли новая фотография на сервере и только ли отображение остаётся старым.",Приложение закэшировало фото. Перезапусти его.
Я не могу удалить загруженную фотографию из профиля.,"Понимаю Ваше неудобство. Сообщите, где именно находится фотография и что происходит при попытке удаления. Мы проверим доступные права и возможный способ удалить изображение без изменения других данных профиля.","Нажми удалить ещё раз. Если кнопки нет, значит нельзя."
"В приложении постоянно появляется сообщение о низком качестве соединения, хотя интернет нормальный.","Понимаю Ваше недоумение, особенно если другие приложения работают нормально. Сообщите тип подключения, модель устройства и время возникновения проблемы. Мы проверим, связана ли ошибка с сетью, сервером или конкретной функцией.","Если интернет нормальный, значит приложение глючит. Перезапусти его."
"Видео внутри приложения не воспроизводятся, только звук идёт.","Понимаю Ваше неудобство — воспроизведение только звука действительно мешает пользоваться контентом. Сообщите модель устройства, версию приложения и формат или название видео. Мы проверим совместимость и возможную проблему воспроизведения.",Видео не поддерживается. Попробуй другой телефон.
"Мне не приходит push-уведомление о новом сообщении, хотя в чате сообщение уже есть.","Понимаю, что из-за задержки можно пропустить важное сообщение. Проверьте разрешения на push-уведомления и ограничения фоновой работы. Если всё включено, сообщите модель устройства и версию приложения — мы проверим доставку уведомлений.",Push иногда не работает. Открой приложение и проверь сообщения.
"Не могу войти через Google, хотя обычный пароль работает.","Понимаю Ваше неудобство. Вход через внешний аккаунт может зависеть от связанного адреса и настроек авторизации. Сообщите текст ошибки и используемый способ входа, не передавая пароль или коды. Мы проверим проблему с авторизацией.",Google-вход сломался. Используй пароль.
"Я хочу отключить вход через социальную сеть, но оставить обычный пароль.","Понимаю Ваше желание изменить способ входа и сохранить доступ к аккаунту. Сообщите тип подключённого сервиса и раздел настроек, который Вы видите. Мы подскажем, как безопасно отключить внешний способ входа, не потеряв доступ.",Просто отвяжи соцсеть. Пароль останется.
После смены телефона система не узнаёт доверенное устройство.,"Понимаю Ваше неудобство — при смене телефона повторная регистрация устройства действительно может потребоваться. Сообщите тип аккаунта и текст запроса, который появляется при входе. Мы подскажем безопасный порядок подтверждения нового устройства.",Новое устройство система не знает. Подтверди его заново.
Я забыл резервный код для входа и теперь не могу пройти двухфакторную проверку.,"Понимаю Вашу ситуацию — без резервного способа подтверждения восстановление доступа действительно может быть затруднено. Не создавайте новый аккаунт, пока не проверим варианты восстановления. Сообщите тип аккаунта и какие способы подтверждения у Вас ещё доступны.","Если резервного кода нет, создай новый аккаунт."
"Мне нужно поменять номер для SMS-уведомлений, но старый номер уже отключён.","Понимаю Вашу ситуацию. Если старый номер недоступен, стандартное подтверждение может не пройти. Сообщите тип аккаунта и доступные способы подтверждения личности — мы подскажем безопасную процедуру изменения номера.",Без старого номера ничего не сделать. Заводи новый.
Почему система требует документ для изменения обычного контактного адреса?,"Понимаю Ваш вопрос. Дополнительное подтверждение может требоваться для отдельных изменений в целях защиты аккаунта. Сообщите, какой именно адрес Вы хотите изменить и какой документ запрашивается, — мы объясним требования и доступные варианты.",Так система требует. Загрузи документ и всё.
"Я несколько раз запросил восстановление пароля, и теперь получил сразу пять писем.","Понимаю Ваше неудобство. Используйте только самое последнее письмо для восстановления и не передавайте ссылку или код другим людям. Если после этого письма продолжают приходить, сообщите время запросов — мы проверим отправку уведомлений.","Ты сам пять раз нажал, поэтому пять писем и пришло."
"Ссылка для восстановления пароля уже недействительна, хотя письмо пришло только что.","Понимаю Ваше недоумение — ссылка не должна становиться недействительной сразу после получения. Не запрашивайте много новых ссылок подряд. Сообщите время получения письма и текст ошибки, не пересылая саму ссылку, — мы проверим ситуацию.",Ссылка протухла. Запроси новую.
"После восстановления пароля сервис продолжает говорить, что пароль неверный.","Понимаю, насколько это неприятно — особенно после успешного восстановления. Убедитесь, что вводите новый пароль без лишних пробелов и используете именно тот аккаунт. Если ошибка сохраняется, сообщите время восстановления и текст сообщения — мы проверим состояние аккаунта.",Значит ты опять вводишь не тот пароль. Попробуй ещё.
"Мой аккаунт заблокировали после смены email, хотя я ничего подозрительного не делал.",Понимаю Ваше беспокойство. Изменение важных данных может автоматически запускать дополнительные проверки безопасности. Сообщите время изменения email и текст уведомления о блокировке — мы проверим статус аккаунта и доступный способ восстановления.,"Система решила, что это подозрительно. Пройди проверку."
"Я хочу временно приостановить аккаунт, но не удалять его.","Понимаю Ваше желание временно приостановить использование аккаунта без потери данных. Сообщите тип аккаунта и причину, если она связана с определённой функцией. Мы проверим, предусмотрен ли режим временной деактивации и что произойдёт с данными.","Удаляй аккаунт, если не хочешь им пользоваться."
"Почему мой профиль видят другие пользователи, хотя я поставил его как закрытый?","Понимаю Ваше беспокойство — настройки приватности должны работать предсказуемо. Сообщите, какие именно сведения остаются видимыми и где они отображаются. Мы проверим настройки приватности и возможное кэширование публичной информации.","Если профиль закрытый, его не должны видеть. Наверное, баг."
"Я отключил публичную ссылку на профиль, но она всё ещё открывается.","Понимаю Ваше беспокойство. После отключения ссылки отображение может некоторое время сохраняться из-за кэширования, но это важно проверить. Сообщите дату отключения и тип ссылки, не публикуя её содержимое. Мы проверим актуальный статус.","Ссылка закэшировалась. Подожди, пока исчезнет."
"Мой аватар отображается у другого пользователя после того, как я поменял его.","Понимаю, почему это вызывает вопросы. Такое отображение может быть связано с кэшированием или неверной привязкой данных. Сообщите, где именно отображается неправильный аватар, и мы проверим ситуацию.",Кэш старый. У другого пользователя обновится потом.
Я не могу скрыть свой номер телефона в профиле.,Понимаю Ваше желание контролировать отображение контактных данных. Сообщите тип аккаунта и где именно отображается номер. Мы проверим настройки приватности и ограничения для этого типа профиля.,"Если кнопки скрытия нет, значит номер нельзя скрыть."
"Система показывает, что мой email уже используется, хотя это мой единственный аккаунт.","Понимаю Ваше недоумение. Такое сообщение может означать, что адрес уже связан с другим профилем или незавершённой регистрацией. Сообщите текст ошибки и используемый адрес частично, например первые символы и домен, — мы подскажем безопасный способ проверить ситуацию.",Значит этот email уже занят. Возьми другой.
"Я хочу объединить два аккаунта, которые случайно создал на одну компанию.","Понимаю ситуацию — дублирующие аккаунты действительно могут создавать неудобства с данными и подпиской. Сообщите, какие данные находятся в каждом аккаунте и какой из них Вы хотите сохранить. Мы проверим, предусмотрено ли объединение и как безопасно перенести информацию.","Один аккаунт удали, а второй оставь."
После объединения данных часть контактов продублировалась.,"Понимаю Ваше беспокойство — дубликаты контактов могут существенно усложнить дальнейшую работу. Сообщите, когда выполнялось объединение и сколько примерно записей продублировалось. Мы проверим историю операции и доступные способы очистки без потери исходных данных.",Просто удали дубли. Тут ничего сложного.
"Не могу экспортировать контакты, потому что система говорит о недостатке прав.","Понимаю Ваше неудобство. Экспорт контактов может требовать отдельного разрешения, даже если у Вас есть доступ к самим контактам. Сообщите рабочую область и роль пользователя — мы проверим необходимое право и настройки экспорта.",У тебя нет прав. Попроси админа.
Некоторые контакты исчезли после синхронизации с внешней системой.,"Понимаю Ваше беспокойство — потеря контактов после синхронизации требует аккуратной проверки. Не запускайте повторную синхронизацию, пока не выясним причину. Сообщите время синхронизации и источник данных, и мы проверим журнал изменений.",Синхронизация могла удалить контакты. Восстанови их из копии.
Интеграция с календарём создаёт встречи на час раньше.,"Понимаю, насколько неудобно, когда синхронизация меняет время встреч. Такая проблема может быть связана с часовым поясом аккаунта или календаря. Сообщите настройки часового пояса в обоих сервисах и пример встречи — мы проверим преобразование времени.",Это часовой пояс. Поставь одинаковый везде.
В календаре появляются дубликаты одних и тех же встреч после синхронизации.,"Понимаю Ваше раздражение — дубли встреч действительно мешают работе с расписанием. Сообщите, какой календарь подключён и когда впервые появились дубликаты. Мы проверим направление синхронизации и возможные повторные события.",Отключи синхронизацию и удали дубли.
После удаления встречи в одном календаре она продолжает отображаться в сервисе.,Понимаю Ваше недоумение. При синхронизации удаление может применяться с задержкой или зависеть от настроек двусторонней синхронизации. Сообщите календарь и время удаления — мы проверим актуальный статус события.,Синхронизация тормозит. Подожди.
"Мне не приходит приглашение на видеоконференцию, хотя организатор говорит, что отправил его.","Понимаю Ваше неудобство. Проверьте папки «Спам» и «Промоакции», а также правильность адреса получателя. Если приглашения нет, сообщите время отправки и адрес домена отправителя — мы проверим доставку.",Пусть организатор отправит ещё раз.
"При подключении к видеозвонку камера работает, но микрофон не определяется.","Понимаю, как неудобно начинать звонок без рабочего микрофона. Проверьте разрешение на использование микрофона для приложения или браузера и выбранное аудиоустройство. Если проблема сохраняется, сообщите устройство и браузер — мы подскажем дальнейшую диагностику.",Микрофон не определяется. Проверь разрешения.
"Во время видеозвонков собеседники жалуются на эхо, хотя у меня гарнитура.","Понимаю, что эхо мешает нормальному разговору. Проверьте, не включён ли одновременно микрофон на другом подключённом устройстве и выбрана ли гарнитура как основное аудиоустройство. Если проблема остаётся, сообщите модель гарнитуры и браузер.",Это твой микрофон даёт эхо. Проверь настройки.
"Вебинар начался, но я вижу только заставку и не слышу ведущего.","Понимаю Ваше неудобство — особенно если мероприятие уже началось. Проверьте громкость устройства и выбранный аудиоканал, а затем попробуйте переподключиться. Если проблема сохраняется, сообщите устройство и браузер, чтобы мы проверили подключение к трансляции.","Перезайди в вебинар. Наверное, интернет тормозит."
"Запись вебинара должна быть доступна, но ссылка показывает ошибку доступа.","Понимаю Ваше недовольство — особенно если Вы рассчитывали посмотреть запись после мероприятия. Сообщите название вебинара и адрес аккаунта, с которого Вы входите. Мы проверим права доступа и статус записи.",У тебя нет доступа. Попроси организатора.
Не могу поделиться файлом с внешним клиентом: система запрещает внешний доступ.,"Понимаю Вашу задачу. Запрет внешнего доступа может быть установлен политикой безопасности рабочей области. Сообщите тип файла и рабочую область — мы проверим, предусмотрено ли безопасное предоставление доступа внешнему пользователю.",Внешний доступ запрещён. Скачай файл и отправь по почте.
"Я дал клиенту доступ только на просмотр, но он почему-то может редактировать файл.","Понимаю Ваше беспокойство — права просмотра не должны позволять редактирование. Не меняйте файл до проверки, чтобы сохранить текущую конфигурацию. Сообщите тип документа и пользователя, которому предоставлен доступ, — мы проверим наследуемые права.",Значит у клиента есть права редактора. Убери их.
После изменения прав сотрудник всё ещё может скачивать документы.,"Понимаю Ваше беспокойство. Возможность скачивания может зависеть не только от основной роли, но и от настроек общего доступа или группы. Сообщите тип документа и текущую роль сотрудника — мы проверим эффективные права.","Если может скачать, значит права не убрались. Проверь ещё раз."
"Нам нужно запретить копирование текста из документов, но я не нахожу такой настройки.","Понимаю Вашу задачу — ограничение копирования может быть важно для защиты внутренних материалов. Сообщите тариф и тип документов. Мы проверим, поддерживается ли такая политика и какие альтернативные ограничения доступны.","Если такой кнопки нет, значит нельзя запретить."
"Клиент говорит, что ссылка на документ просит авторизацию, хотя я отправил её как публичную.","Понимаю Ваше неудобство. Давайте проверим фактические настройки ссылки и ограничения рабочей области. Сообщите тип документа и настройки общего доступа, не публикуя саму ссылку. Мы проверим, почему авторизация всё ещё требуется.",Значит ссылка не публичная. Переключи доступ.
"Не могу загрузить документ размером 20 МБ, хотя в тарифе написано, что лимит больше.","Понимаю Ваше недоумение — если размер файла укладывается в заявленный лимит, ошибка требует проверки. Сообщите формат файла, его точный размер и текст ошибки. Мы проверим дополнительные ограничения, которые могут действовать для этого типа документа.",20 МБ должно загружаться. Попробуй ещё раз.
"Система принимает файл, но после загрузки он не появляется в списке документов.","Понимаю Ваше беспокойство — успешная загрузка должна завершаться понятным результатом. Сообщите имя файла, время загрузки и рабочую область. Мы проверим статус обработки и возможную задержку индексации.","Файл, наверное, ещё обрабатывается. Подожди."
"Поиск перестал находить документы, которые точно есть в рабочей области.","Понимаю, насколько это мешает работе, особенно если документы физически доступны, но не находятся через поиск. Сообщите название одного из таких документов и пример поискового запроса. Мы проверим индексацию и права доступа.",Поиск иногда не работает. Попробуй написать название точнее.
После переименования документа поиск по старому названию всё ещё его находит.,"Понимаю Ваш вопрос. Поиск может временно учитывать индекс с предыдущим названием, пока данные не обновятся. Сообщите время переименования и название документа — мы проверим состояние индекса.",Поиск ещё не обновился. Подожди.
"Мне нужно восстановить предыдущую версию документа, но история изменений пустая.","Понимаю Ваше беспокойство — если предыдущая версия важна, отсутствие истории действительно требует проверки. Сообщите название документа и примерное время изменения. Мы проверим, включено ли версионирование и доступна ли предыдущая копия.","Если истории нет, значит старой версии нет."
"Документ заблокирован для редактирования, хотя никто из команды его не редактирует.",Понимаю Ваше неудобство. Блокировка может сохраняться из-за незавершённой сессии или другого процесса. Сообщите название документа и время появления блокировки — мы проверим активные сеансы и статус редактирования.,"Кто-то, наверное, забыл закрыть документ. Подожди."
"Я пытаюсь удалить папку, но система говорит, что она содержит элементы, хотя внутри пусто.","Понимаю Ваше недоумение. В папке могут оставаться скрытые элементы, архивные записи или объекты, которые не отображаются в обычном списке. Сообщите название папки и текст ошибки — мы проверим её фактическое содержимое.",Там что-то есть. Покажи скрытые файлы.
После перемещения папки часть файлов осталась на старом месте.,"Понимаю Ваше беспокойство — при перемещении папки ожидается, что все выбранные файлы окажутся в новом месте. Сообщите название папки и пример файла, который не переместился. Мы проверим права и историю операции.",Некоторые файлы не перенеслись. Перемести их вручную.
У меня пропал доступ к общей папке после изменения роли.,"Понимаю Ваше неудобство. Изменение роли могло повлиять на унаследованные права доступа. Сообщите название папки и новую роль пользователя — мы проверим, какие права должны применяться.","Роль поменялась, поэтому доступ пропал. Верни старую."
"Не могу создать папку с определённым названием, хотя такой папки точно нет.","Понимаю Ваше недоумение. Ограничение может быть связано с недопустимыми символами, зарезервированным названием или скрытым объектом. Сообщите точное название и текст ошибки — мы проверим причину.","Название, наверное, запрещено. Придумай другое."
"Сервис автоматически создаёт папки, которых я не создавал.","Понимаю Ваше беспокойство — неожиданные изменения структуры файлов действительно стоит проверить. Сообщите названия создаваемых папок, время их появления и подключённые интеграции. Мы проверим журнал действий и автоматические правила.","Наверное, интеграция их создаёт. Отключи её."
Мне нужно настроить автоматическое резервное копирование только определённых папок.,"Понимаю Вашу задачу. Давайте проверим, поддерживает ли Ваш тариф выбор отдельных папок для резервного копирования. Сообщите тип рабочей области и какие каталоги Вы хотите включить — мы подскажем подходящую настройку.","Выбери нужные папки в настройках бэкапа, если такая кнопка есть."
"Резервная копия создаётся, но её размер подозрительно маленький.","Понимаю Ваше беспокойство — размер копии действительно может быть важным признаком того, все ли данные попали в архив. Сообщите дату копии и примерный объём исходных данных. Мы проверим состав резервной копии и исключённые категории.","Может, файлы сжались. Посмотри содержимое."
Не могу скачать резервную копию: ссылка постоянно истекает.,Понимаю Ваше неудобство — особенно если резервная копия нужна для восстановления. Сообщите дату создания копии и текст ошибки. Мы проверим срок действия ссылки и доступный способ повторного скачивания.,Ссылка истекает. Просто запроси новую.
После восстановления резервной копии пользователи получили старые настройки доступа.,"Понимаю Ваше беспокойство — восстановление старых прав может повлиять на безопасность рабочей области. Не изменяйте настройки массово до проверки. Сообщите дату резервной копии и какие права изменились — мы проверим, какие данные были восстановлены.","Резервная копия старая, поэтому права старые. Исправь их вручную."
"Я не могу создать резервную копию вручную, хотя автоматические копии раньше работали.",Понимаю Ваше недоумение. Возможность ручного запуска может зависеть от прав пользователя или текущего состояния предыдущей копии. Сообщите текст ошибки и роль пользователя — мы проверим доступные варианты.,"Если автоматическая копия работает, ручная тебе не нужна."
"Нам нужно сохранить резервную копию перед большим изменением, но система показывает ошибку хранилища.","Понимаю, почему это важно сделать до изменения данных. Сообщите размер доступного пространства, размер предполагаемой копии и текст ошибки, не передавая конфиденциальную информацию. Мы проверим, хватает ли места и какие варианты доступны.",Не хватает места. Удали старые копии.
"Старые резервные копии удалились раньше срока хранения, указанного в тарифе.","Понимаю Ваше беспокойство — если срок хранения действительно ещё не истёк, ситуацию необходимо проверить. Сообщите даты создания и удаления копий и тариф. Мы сопоставим их с политикой хранения и журналом операций.","Наверное, срок хранения уже закончился. Проверь тариф."
"Мне нужно восстановить только один файл из резервной копии, а система предлагает восстановить весь проект.","Понимаю Вашу задачу — полное восстановление действительно неудобно, если нужен только один файл. Сообщите тип резервной копии и название файла. Мы проверим, доступно ли выборочное восстановление или другой безопасный способ получить файл.","Если только весь проект, восстанавливай весь проект."
Не могу изменить расписание автоматического отчёта.,Понимаю Ваше неудобство. Возможность изменить расписание может зависеть от роли и типа отчёта. Сообщите название отчёта и желаемое расписание — мы проверим доступные настройки.,"Если расписание не меняется, значит оно фиксированное."
"Отчёт приходит дважды каждое утро, хотя расписание создано один раз.",Понимаю Ваше раздражение — дублирующие отчёты действительно создают лишние уведомления. Сообщите название отчёта и время двух отправок. Мы проверим расписание и историю автоматических заданий.,"Наверное, отчёт настроен два раза. Удали один."
Автоматический отчёт перестал приходить после изменения адреса получателя.,"Понимаю Ваше неудобство. Давайте проверим, сохранился ли новый адрес и не требует ли он повторного подтверждения. Сообщите название отчёта и дату изменения адреса — мы проверим статус доставки.","Новый адрес, наверное, не подтвердился. Проверь почту."
"В автоматическом отчёте данные на один день старее, чем в самом сервисе.","Понимаю Ваш вопрос — отчёт должен иметь понятную дату формирования и источник данных. Сообщите название отчёта, время его отправки и пример показателя. Мы проверим период, за который формируются данные, и задержку обновления.",Отчёты обновляются позже. Смотри сам сервис.
"Мне нужно отправлять отчёт только по понедельникам, но в настройках доступны только ежедневные варианты.","Понимаю Вашу задачу. Если точное недельное расписание не предусмотрено интерфейсом, важно проверить, есть ли альтернативный механизм. Сообщите тип отчёта и рабочую область — мы подскажем доступные варианты.","Поставь еженедельный, если его нет, значит нельзя."
Не могу добавить второго получателя автоматического отчёта.,"Понимаю Ваше неудобство. Ограничение может быть связано с правами, тарифом или форматом рассылки. Сообщите название отчёта и текст ошибки — мы проверим доступные варианты добавления получателя.","Наверное, второй получатель не поддерживается."
"Получатель отчёта говорит, что письмо приходит пустым, хотя у меня файл открывается нормально.","Понимаю Ваше неудобство. Пустое содержимое может быть связано с форматом вложения, правами или особенностями почтового клиента. Сообщите формат отчёта и почтовый сервис получателя — мы проверим возможную причину.","У получателя, наверное, почта плохо работает. Пусть скачает файл."
"При выгрузке отчёта пропадают столбцы, которые есть на экране.","Понимаю Ваше недоумение — экспорт должен соответствовать выбранному представлению, если это предусмотрено форматом. Сообщите название отчёта и какие столбцы отсутствуют в файле. Мы проверим настройки экспорта.",Экспорт не всегда включает все столбцы. Добавь их вручную.
После фильтрации отчёта итоговая сумма всё равно показывает данные по всем операциям.,"Понимаю Ваше беспокойство — если фильтр визуально применяется, итоговый показатель должен быть понятен. Сообщите название отчёта и пример фильтра. Мы проверим, влияет ли выбранный фильтр на итоговые агрегаты.",Фильтр может работать только для таблицы. Смотри настройки.
"В отчёте появляются операции, которых нет в основной базе.",Понимаю Ваше беспокойство — расхождение между отчётом и основной базой важно проверить по источнику данных и времени обновления. Сообщите название отчёта и пример операции. Мы проверим происхождение записи.,Отчёт мог обновиться позже. Проверь базу ещё раз.
После удаления клиента он всё ещё учитывается в статистике.,"Понимаю Ваш вопрос. Исторические данные могут продолжать учитывать операции удалённого клиента, даже если его профиль больше не активен. Сообщите название отчёта и период — мы уточним правила формирования статистики.",Удаление клиента не удаляет его старые продажи. Это нормально.
Не могу изменить валюту уже созданного отчёта.,Понимаю Ваше неудобство. Валюта отчёта может быть связана с исходными данными и настройками рабочей области. Сообщите название отчёта и текущую и желаемую валюты — мы проверим доступный способ изменения.,Валюта уже задана. Создай новый отчёт.
Система считает выходной день рабочим в автоматическом отчёте.,"Понимаю Ваше недоумение — расписание действительно должно учитывать выбранный календарь. Сообщите рабочую область, часовой пояс и настройку рабочих дней. Мы проверим, какой календарь использует автоматизация.",Система не знает про выходные. Настрой расписание вручную.
"Мне нужно временно остановить автоматические отчёты, не удаляя их.","Понимаю Вашу задачу — временная приостановка удобнее полного удаления настроек. Сообщите тип отчёта и текущий тариф, и мы проверим, предусмотрена ли функция паузы.",Удалять не надо. Просто отключи расписание.
После повторного включения отчёта он начал приходить два раза.,"Понимаю Ваше раздражение — после возобновления рассылки дубли действительно не должны появляться. Сообщите название отчёта и время отправок. Мы проверим, не создалось ли второе расписание при повторном включении.","При повторном включении, наверное, создался дубль. Удали один."
Не могу найти журнал изменений настроек рабочей области.,"Понимаю Вашу задачу — журнал изменений важен для контроля действий администраторов. Сообщите тариф и роль пользователя. Мы проверим, доступен ли аудит и где он находится в текущем интерфейсе.","Ищи в настройках безопасности. Если нет, значит доступа нет."
"Мне нужно выгрузить журнал аудита за конкретный месяц, но фильтр дат не работает.","Понимаю Ваше неудобство. Сообщите месяц, который Вы хотите выгрузить, и текст ошибки при выборе дат. Мы проверим фильтр и доступные альтернативы для получения журнала.","Попробуй выбрать даты вручную. Если не работает, значит баг."
В журнале аудита время событий отличается от времени на моём компьютере.,"Понимаю Ваш вопрос — различие времени в журнале действительно может усложнять расследование событий. Сообщите часовой пояс компьютера и пример события. Мы проверим, в каком часовом поясе формируется журнал.",Логи обычно в UTC. Переводи сам.
После удаления пользователя его действия исчезли из журнала аудита.,"Понимаю Ваше беспокойство — исторические действия могут быть важны для аудита. Сообщите пользователя и период, за который исчезли записи. Мы проверим правила хранения и отображения действий удалённых пользователей.","Удалили пользователя — его лог тоже удалился. Наверное, так задумано."
Не могу создать новую роль с ограниченным набором прав.,"Понимаю Вашу задачу — точная настройка ролей может быть важна для разделения доступа. Сообщите тариф и права, которые Вы хотите включить, — мы проверим ограничения конструктора ролей и доступные варианты.","Если роль не создаётся, значит такой набор прав нельзя сделать."
"Сотрудник видит меню, которое по его роли должно быть скрыто.","Понимаю Ваше беспокойство. Давайте проверим эффективные права пользователя, включая группы и унаследованные роли. Сообщите тип роли и название раздела, который остаётся видимым.",У него лишние права. Удали роль и назначь заново.
"Я удалил роль, но пользователи всё ещё её получают.","Понимаю Ваше беспокойство. Возможно, роль ещё назначена через группу или другой механизм наследования. Сообщите название роли и пример пользователя — мы проверим источник назначения.","Если роль удалена, значит проблема в кэше. Подожди."
Не могу поменять владельца рабочей области на другого сотрудника.,Понимаю Вашу задачу. Передача владения может требовать определённых прав и подтверждений безопасности. Сообщите тип рабочей области и статус текущего и нового владельца — мы подскажем доступную процедуру.,Владельца нельзя просто поменять. Пусть новый создаст свою организацию.
Бывший сотрудник всё ещё отображается как владелец некоторых проектов.,"Понимаю Ваше беспокойство — после ухода сотрудника важно корректно перераспределить владение. Сообщите проекты и текущий статус пользователя. Мы проверим, какие объекты всё ещё связаны с его учётной записью и как передать их другому сотруднику.",Надо было передать проекты до увольнения. Теперь меняйте вручную.
"Нам нужно ограничить доступ к проекту только определённой группе, но сейчас его видят все сотрудники.","Понимаю Вашу задачу — ограничение доступа должно соответствовать структуре команды. Сообщите название проекта и нужную группу. Мы проверим текущие права и подскажем, как настроить доступ без потери существующих данных.",Убери общий доступ и добавь группу. Всё просто.
После удаления общей ссылки документ всё ещё доступен по старой ссылке.,"Понимаю Ваше беспокойство — если общий доступ отключён, старая ссылка не должна оставаться доступной без соответствующих прав. Сообщите дату отключения и тип документа. Мы проверим состояние ссылки и кэширование доступа.",Ссылка могла закэшироваться. Подожди.
"Я хочу запретить скачивание, но оставить просмотр документа.","Понимаю Вашу задачу — разделение просмотра и скачивания действительно может быть важно для контроля документов. Сообщите тип документа и тариф. Мы проверим, поддерживается ли ограничение скачивания и где оно настраивается.","Если такой функции нет, значит нельзя. Оставь как есть."
"Клиент утверждает, что не может открыть документ без регистрации, хотя мы разрешили публичный просмотр.",Понимаю Ваше неудобство. Давайте проверим фактический режим доступа и не требует ли рабочая область обязательной авторизации для внешних пользователей. Сообщите тип документа и настройки общего доступа без публикации самой ссылки.,Значит публичный доступ не работает. Пусть зарегистрируется.
После изменения политики доступа старые публичные ссылки продолжают работать.,"Понимаю Ваше беспокойство — при изменении политики доступа важно убедиться, что старые ссылки тоже учитываются. Сообщите дату изменения политики и тип ссылок. Мы проверим, распространяется ли правило на уже созданные ссылки.",Старые ссылки не меняются. Удали их вручную.
Не могу отключить гостевой доступ к рабочей области.,Понимаю Ваше беспокойство. Ограничение гостевого доступа может зависеть от тарифа и административных прав. Сообщите тип рабочей области и текущую роль пользователя — мы проверим доступные настройки.,"Гостевой доступ нельзя отключить, если нет кнопки."
"Гость получил доступ к большему количеству проектов, чем я ему назначал.","Понимаю Ваше беспокойство — неожиданный доступ гостя требует проверки наследуемых прав. Сообщите проекты и группу, в которой находится пользователь. Мы проверим, откуда появился дополнительный доступ.","Гость, наверное, входит в общую группу. Удали его оттуда."
"Нам нужно ограничить доступ к данным по отделам, но фильтры не применяются к сотрудникам.","Понимаю Вашу задачу — разделение данных по отделам может быть критично для корректного доступа. Сообщите структуру ролей и пример пользователя, который видит лишние данные. Мы проверим правила доступа и область действия фильтров.","Фильтр, наверное, неправильно настроен. Проверь его."
"Я настроил правило автоматического назначения, но новые сотрудники его не получают.","Понимаю Ваше неудобство. Давайте проверим условие правила, момент его срабатывания и права на автоматическое назначение. Сообщите пример нового пользователя и ожидаемую роль, не передавая пароль.",Автоматизация не сработала. Назначь роль вручную.
Автоматическое правило назначает сотрудникам неправильную роль.,"Понимаю Ваше беспокойство — неправильное автоматическое назначение может повлиять на доступ. Временно приостановите правило, если это безопасно, и сообщите его условие и пример пользователя. Мы проверим логику срабатывания.",Правило настроено неправильно. Исправь условие.
После изменения группы доступы пользователей не обновились.,"Понимаю Ваше беспокойство. Изменение групп может применяться с небольшой задержкой или зависеть от кэширования прав. Сообщите группу, пользователя и ожидаемое изменение доступа — мы проверим статус синхронизации.",Права обновятся позже. Подожди.
"Не могу удалить группу, потому что система говорит, что она используется.","Понимаю Ваше неудобство. Группа может быть связана с правилами доступа, автоматизациями или проектами. Сообщите название группы и текст ошибки — мы поможем определить зависимость и безопасный порядок удаления.",Она где-то используется. Найди где и удали зависимость.
"Мне нужно переименовать группу, но название уже занято удалённой группой.",Понимаю Ваше недоумение. Система может временно сохранять имя удалённой группы или резервировать его для исторических данных. Сообщите название и дату удаления старой группы — мы проверим доступность имени.,Имя занято. Выбери другое.
После переименования команды старое название всё ещё отображается в уведомлениях.,"Понимаю Ваше неудобство. Уведомления могут использовать сохранённые шаблоны или кэшированные данные. Сообщите тип уведомления и дату переименования — мы проверим, откуда берётся старое название.",Уведомления не обновились. Подожди.
"Не могу подключить Slack к рабочей области, авторизация завершается ошибкой.","Понимаю Ваше неудобство. Подключение внешнего сервиса может зависеть от разрешений и настроек рабочей области. Сообщите текст ошибки и этап авторизации, не передавая токены. Мы проверим интеграцию.",Slack не подключился. Отключи его и попробуй снова.
Интеграция с почтой перестала создавать задачи из новых писем.,"Понимаю, насколько это мешает автоматизированному процессу. Сообщите время последнего успешно обработанного письма и пример письма без конфиденциального содержимого. Мы проверим статус интеграции и журнал обработки.",Почтовая интеграция сломалась. Переподключи её.
"Сервис создаёт задачи из спама, хотя фильтр должен их исключать.",Понимаю Ваше беспокойство — нежелательные задачи действительно могут засорять рабочий процесс. Сообщите условие фильтра и пример события без конфиденциального содержимого. Мы проверим порядок применения правил.,Фильтр не работает. Сделай его строже.
После изменения фильтра старые автоматические задачи продолжают создаваться.,"Понимаю Ваше недоумение. Новое правило может применяться только к событиям, которые поступают после его изменения. Сообщите время изменения фильтра и пример новой задачи — мы проверим, какое правило её создало.","Старые события уже запущены. Жди, пока закончатся."
Не могу подключить Microsoft Teams к рабочей области.,"Понимаю Ваше неудобство. Давайте проверим, на каком этапе подключения возникает ошибка и какие разрешения запрашивает интеграция. Сообщите текст ошибки без секретных данных — мы подскажем дальнейшие шаги.",Teams не подключается. Проверь права и попробуй ещё.
Уведомления из интеграции приходят с неправильным именем отправителя.,Понимаю Ваше недоумение. Имя отправителя может формироваться из настроек интеграции или подключённого аккаунта. Сообщите название интеграции и пример уведомления без личных данных — мы проверим источник отображаемого имени.,Имя берётся из интеграции. Поменяй его там.
После отключения интеграции данные всё равно продолжают поступать.,"Понимаю Ваше беспокойство — после отключения новые данные действительно требуют проверки. Сообщите время отключения и пример поступившего события. Мы проверим, не обрабатываются ли ещё ранее поставленные в очередь события.","Наверное, старые события ещё идут. Подожди."
"Мне нужно ограничить интеграцию только чтением, но она запрашивает полный доступ.","Понимаю Ваше беспокойство — принцип минимальных необходимых прав действительно важен. Сообщите название интеграции и запрашиваемые разрешения. Мы проверим, предусмотрен ли режим только для чтения и какие права действительно необходимы.",Интеграции всегда просят полный доступ. Разрешай.
Внешняя интеграция создаёт пользователей без нашего разрешения.,"Понимаю Ваше беспокойство — автоматическое создание пользователей без ожидаемого действия требует срочной проверки. Если это безопасно, временно отключите интеграцию и сообщите её название и время появления пользователей. Мы проверим журнал событий и настройки синхронизации.",Интеграция сама создаёт пользователей. Отключи её.
Синхронизация с CRM постоянно возвращает конфликт записей.,"Понимаю Ваше неудобство — постоянные конфликты действительно мешают поддерживать данные в актуальном состоянии. Сообщите пример конфликтующей записи и направление синхронизации. Мы проверим, какое поле используется для сопоставления и почему возникает конфликт.","CRM не может понять, какая запись правильная. Проверь идентификаторы."
После синхронизации номера телефонов клиентов изменились на неправильный формат.,Понимаю Ваше беспокойство — формат контактных данных важен для связи с клиентами. Не запускайте повторную синхронизацию до проверки. Сообщите источник данных и пример преобразования номера без передачи полной базы — мы проверим правила форматирования.,Синхронизация изменила формат. Настрой формат телефонов.
Интеграция импортировала старые данные поверх новых.,"Понимаю, насколько серьёзной может быть такая ситуация. Пока не запускайте повторный импорт, чтобы не усложнить восстановление. Сообщите время импорта и источник данных — мы проверим историю изменений и доступные способы восстановления актуальных записей.",Импорт перезаписал данные. Восстанавливай из бэкапа.
"Не могу удалить подключённую интеграцию, потому что система говорит о связанных объектах.","Понимаю Ваше неудобство. Перед удалением интеграции важно определить связанные объекты, чтобы не потерять данные или автоматизации. Сообщите название интеграции и текст ошибки — мы подскажем, какие зависимости нужно проверить.",Есть связанные объекты. Удали их сначала.
После обновления интеграции изменилась структура импортируемых данных.,"Понимаю Ваше беспокойство — изменение структуры данных может повлиять на процессы, которые используют импорт. Сообщите версию интеграции и пример поля, которое изменилось. Мы проверим документацию и совместимость текущей схемы.",Обновление изменило поля. Исправь свой импорт.
Мне нужно временно отключить синхронизацию только для одного проекта.,Понимаю Вашу задачу. Возможность приостановить синхронизацию на уровне отдельного проекта зависит от типа интеграции. Сообщите название интеграции и проект — мы проверим доступные настройки.,"Отключи интеграцию целиком, если отдельный проект нельзя."
Сервис отправляет клиентам письма на неправильном языке.,"Понимаю Ваше беспокойство — язык коммуникации напрямую влияет на качество обслуживания клиентов. Сообщите пример письма, язык клиента и настройки профиля. Мы проверим, откуда система определяет язык и почему выбирается неверный вариант.",Язык определяется автоматически. Пусть клиент поменяет настройки.
В шаблоне письма переменная с именем клиента остаётся пустой.,"Понимаю Ваше неудобство. Давайте проверим, правильно ли указана переменная и есть ли имя клиента в исходной записи. Пришлите название переменной и пример шаблона без персональных данных — мы проверим синтаксис.",Переменная неправильная. Проверь шаблон.
Письма отправляются с неправильным логотипом компании.,"Понимаю Ваше беспокойство — фирменное оформление важно для корректной коммуникации с клиентами. Сообщите рабочую область и шаблон письма, где отображается старый логотип. Мы проверим настройки брендинга и кэширование шаблона.",Поменяй логотип в настройках бренда.
После смены названия компании старое название осталось в автоматических письмах.,Понимаю Ваше неудобство. Автоматические письма могут использовать отдельные настройки бренда или сохранённые шаблоны. Сообщите рабочую область и пример письма — мы проверим источник старого названия.,Поменяй название в шаблоне. Старое само не исчезнет.
Клиенты получают письма с неправильным часовым поясом в указанных датах.,Понимаю Ваше беспокойство — неверное время в письмах может привести к пропущенным встречам. Сообщите настройки часового пояса рабочей области и пример письма. Мы проверим преобразование даты и времени.,"Проверь часовой пояс. Наверное, он неправильный."
"Система отправляет напоминание клиенту после того, как он уже выполнил действие.",Понимаю Ваше беспокойство — повторное напоминание после выполненного действия действительно выглядит некорректно. Сообщите тип напоминания и пример клиента без персональных данных. Мы проверим условие автоматизации и момент обновления статуса.,"Статус, наверное, обновился поздно. Подожди."
"Автоматическое письмо не отправилось, хотя условие было выполнено.","Понимаю Ваше неудобство. Давайте проверим журнал автоматизации, статус условия и очередь отправки. Сообщите время события и тип письма — мы сможем точнее определить, на каком этапе возникла проблема.",Письмо могло не уйти. Проверь очередь.
"Получатель говорит, что письмо попало в спам, хотя раньше всё приходило нормально.",Понимаю Ваше беспокойство. Доставка писем может зависеть от настроек получателя и репутации отправляющего домена. Сообщите домен отправителя и время отправки без персонального содержимого письма — мы проверим доступную информацию о доставке.,Пусть клиент проверит спам. Это проблема его почты.
Отправленные письма иногда приходят клиентам через несколько часов.,"Понимаю, насколько неудобны такие задержки. Сообщите пример письма, время отправки и время получения, а также домен получателя без персонального содержимого. Мы проверим журнал доставки и возможную задержку на стороне отправки.",Почта иногда задерживается. Это нормально.
Не могу изменить адрес отправителя в автоматических письмах.,Понимаю Вашу задачу. Изменение адреса отправителя может требовать подтверждения домена или определённых прав. Сообщите рабочую область и желаемый адрес домена без пароля или секретных ключей — мы подскажем необходимые шаги.,Адрес отправителя менять нельзя просто так. Используй старый.
"Письма отправляются от имени сотрудника, который уже уволился.",Понимаю Ваше беспокойство — использование устаревшего имени отправителя действительно может вводить клиентов в заблуждение. Сообщите тип автоматического письма и рабочую область. Мы проверим настройки отправителя и связанные аккаунты.,Поменяй отправителя в настройках. Старый сотрудник там остался.
"Мне нужно остановить рассылку, которая уже запланирована на завтра.","Понимаю Вашу задачу. Если рассылка ещё не началась, возможно, её можно отменить через планировщик. Сообщите название кампании и время отправки — мы проверим её текущий статус и доступность отмены.","Если ещё не отправили, просто удали рассылку."
После отмены рассылки часть писем всё равно ушла.,"Понимаю Ваше беспокойство — после отмены кампании важно понять, какие сообщения уже были поставлены в очередь. Сообщите время отмены и примерное количество отправленных писем. Мы проверим журнал доставки и статус кампании.",Некоторые письма уже ушли. Тут ничего не сделать.
Не могу сегментировать клиентов по дате последней покупки.,"Понимаю Вашу задачу. Давайте проверим, доступно ли поле последней покупки для сегментации и какой формат даты используется. Сообщите тип рабочего пространства и условие сегмента — мы подскажем корректную настройку.","Поле даты, наверное, нельзя использовать. Возьми другой фильтр."
"Сегмент клиентов показывает людей, которые не соответствуют заданным условиям.",Понимаю Ваше беспокойство — некорректная сегментация может привести к отправке сообщений не той аудитории. Сообщите условия сегмента и пример записи без персональных данных. Мы проверим логику фильтра и время обновления сегмента.,"Фильтр, наверное, неправильный. Проверь условия."
После обновления данных сегмент не пересчитывается.,Понимаю Ваше неудобство. Пересчёт сегмента может выполняться периодически или зависеть от объёма данных. Сообщите время обновления исходных данных и название сегмента — мы проверим состояние пересчёта.,Сегменты обновляются не сразу. Подожди.
"Не могу удалить старую кампанию, потому что система говорит, что она связана с автоматизацией.","Понимаю Ваше желание удалить неиспользуемую кампанию. Если она связана с автоматизацией, сначала нужно проверить зависимость, чтобы не нарушить рабочий процесс. Сообщите название кампании и автоматизации — мы подскажем безопасный порядок действий.","Удали автоматизацию, потом кампанию."
Автоматизация запускается дважды на одного клиента.,Понимаю Ваше беспокойство — двойной запуск может привести к повторным письмам или другим нежелательным действиям. Сообщите идентификатор события и время двух запусков без персональных данных. Мы проверим условие запуска и повторную обработку события.,Поставь защиту от дублей. Автоматизация может срабатывать несколько раз.
"Я изменил условие автоматизации, но старое правило всё равно срабатывает.","Понимаю Ваше недоумение. Возможно, существует несколько активных правил или часть событий уже была поставлена в очередь до изменения. Сообщите название автоматизации и время изменения — мы проверим историю и активные версии правил.","Старое правило уже запустилось. Подожди, пока закончится."
"Мне нужно узнать, почему автоматизация не сработала для конкретного клиента.","Понимаю Вашу задачу. Для этого важно проверить условие, данные клиента и журнал выполнения. Сообщите идентификатор клиента в обезличенном виде и название автоматизации — мы подскажем, какие условия нужно проверить.","Наверное, клиент не подходит под условие. Проверь его данные."
"Автоматизация изменила данные клиента, хотя условие не должно было выполняться.","Понимаю Ваше беспокойство — неожиданное изменение клиентских данных требует проверки. Если возможно, временно приостановите автоматизацию и сообщите её название и пример изменения. Мы проверим журнал выполнения и условие запуска.",Правило сработало неправильно. Отключи его.
Не могу импортировать клиентов из Excel: часть строк отклоняется без объяснения.,"Понимаю Ваше неудобство — особенно когда файл импортируется частично без понятной причины. Сообщите формат файла, количество строк и пример одной отклонённой строки без персональных данных. Мы проверим требования к полям и форматам.",В некоторых строках ошибка. Проверь Excel.
"Импорт клиентов создаёт дубликаты, хотя в файле каждый клиент указан один раз.","Понимаю Ваше беспокойство — дубликаты могут существенно усложнить работу с клиентской базой. Сообщите, по какому полю система должна определять уникальность, и пример двух дублей без персональных данных. Мы проверим правила сопоставления.","Система не понимает, что это один клиент. Настрой уникальный ID."
После импорта часть телефонов клиентов стала пустой.,Понимаю Ваше беспокойство — потеря контактных данных при импорте требует проверки. Не повторяйте импорт до выяснения причины. Сообщите структуру столбцов и формат телефонных номеров без передачи самой базы — мы проверим правила обработки.,Телефоны были в неправильном формате. Исправь Excel и импортируй снова.
"Импорт завершился успешно, но количество клиентов в системе меньше количества строк файла.",Понимаю Ваше недоумение. Часть строк могла быть объединена с существующими клиентами или исключена по правилам валидации. Сообщите количество строк в файле и итоговое количество записей — мы проверим журнал импорта.,"Наверное, дубли объединились. Проверь журнал."
"Не могу экспортировать всю клиентскую базу, выгружается только первая тысяча записей.","Понимаю Ваше неудобство. Ограничение может быть связано с форматом экспорта, тарифом или необходимостью использовать постраничную выгрузку. Сообщите рабочую область и формат файла — мы проверим доступный способ получить полный объём данных.",Экспорт ограничен тысячей. Делай несколько выгрузок.
"Экспорт клиентов содержит данные, которых я уже удалил.","Понимаю Ваше беспокойство. Важно проверить, формируется ли экспорт из актуальной базы или из отдельного индекса. Сообщите время удаления и создания экспорта — мы проверим актуальность данных и правила хранения.",Экспорт мог взять старые данные. Подожди обновления.
"Мне нужно удалить несколько тысяч клиентов, но массовое удаление завершается ошибкой.","Понимаю, что ручное удаление такого объёма данных непрактично. Сообщите примерный объём и текст ошибки. Мы проверим ограничения массовой операции и безопасный способ обработки большого количества записей.",Удаляй партиями. Тысячи записей сразу система не потянет.
Я случайно удалил группу клиентов и теперь не могу её восстановить.,Понимаю Ваше беспокойство — особенно если сегментация использовалась в работе команды. Сообщите название группы и примерное время удаления. Мы проверим историю изменений и наличие механизма восстановления.,"Если группы нет, создай её заново."
"Не могу изменить имя клиента в карточке, поле доступно только для просмотра.","Понимаю Ваше неудобство. Поле может быть заблокировано из-за источника данных или Ваших прав. Сообщите роль пользователя и источник карточки — мы проверим, почему редактирование недоступно.","Если поле серое, значит менять нельзя."
"Карточка клиента показывает старую компанию, хотя я уже обновил её.","Понимаю Ваше недоумение. Данные могут подтягиваться из связанной организации или внешней интеграции. Сообщите, где Вы изменили компанию и где продолжает отображаться старое значение — мы проверим источник данных.",Где-то осталась старая компания. Обнови ещё раз.
"Не могу прикрепить к клиенту новый документ, кнопка загрузки не работает.","Понимаю Ваше неудобство. Сообщите размер и формат документа, устройство и текст ошибки, если он появляется. Мы проверим права на загрузку и возможные ограничения файла.",Кнопка не работает — перезагрузи страницу.
"В карточке клиента исчезли заметки, которые оставлял другой сотрудник.",Понимаю Ваше беспокойство — история заметок может быть важна для работы с клиентом. Сообщите клиента и примерный период исчезновения заметок. Мы проверим историю изменений и права доступа к заметкам.,Другой сотрудник мог их удалить. Посмотри журнал.
"Не могу найти клиента по номеру договора, хотя карточка точно существует.",Понимаю Ваше неудобство. Поиск может учитывать только определённые поля или формат номера. Сообщите пример номера в обезличенном виде и используемый поиск — мы проверим доступные поля индексирования.,"Поиск по договору, наверное, не поддерживается."
Поиск находит двух клиентов с одинаковым номером договора.,Понимаю Ваше беспокойство — одинаковый номер договора у разных карточек может привести к ошибкам в работе. Сообщите обезличенные идентификаторы двух записей. Мы проверим источник дублей и правила уникальности.,У вас дубликаты. Удали один.
После объединения карточек клиента пропала часть истории обращений.,"Понимаю Ваше беспокойство — история обращений важна для продолжения обслуживания. Сообщите идентификаторы объединённых карточек и пример отсутствующей записи без персональных данных. Мы проверим, как операция объединения обработала историю.",При объединении часть истории могла потеряться. Посмотри старую карточку.
"Не могу назначить обращение конкретному сотруднику, его нет в списке.","Понимаю Ваше неудобство. Сотрудник может отсутствовать в списке из-за роли, статуса или принадлежности к другой группе. Сообщите рабочую область и роль сотрудника — мы проверим, почему он недоступен для назначения.","Если его нет в списке, значит он не может получать обращения."
Обращения автоматически назначаются не тому отделу.,Понимаю Ваше беспокойство — неправильная маршрутизация обращений может задерживать ответы клиентам. Сообщите пример обращения и ожидаемый и фактический отдел. Мы проверим правила автоматического распределения.,Правило маршрутизации неправильное. Исправь его.
